-- phpMyAdmin SQL Dump
-- version 5.2.1
-- https://www.phpmyadmin.net/
--
-- Máy chủ: 127.0.0.1
-- Thời gian đã tạo: Th8 06, 2024 lúc 12:24 PM
-- Phiên bản máy phục vụ: 10.4.28-MariaDB
-- Phiên bản PHP: 8.2.4

SET SQL_MODE = "NO_AUTO_VALUE_ON_ZERO";
START TRANSACTION;
SET time_zone = "+00:00";


/*!40101 SET @OLD_CHARACTER_SET_CLIENT=@@CHARACTER_SET_CLIENT */;
/*!40101 SET @OLD_CHARACTER_SET_RESULTS=@@CHARACTER_SET_RESULTS */;
/*!40101 SET @OLD_COLLATION_CONNECTION=@@COLLATION_CONNECTION */;
/*!40101 SET NAMES utf8mb4 */;

--
-- Cơ sở dữ liệu: `duantotnghiep`
--

-- --------------------------------------------------------

--
-- Cấu trúc bảng cho bảng `binh_luan`
--

CREATE TABLE `binh_luan` (
  `_id` varchar(255) NOT NULL,
  `noi_dung` text DEFAULT NULL,
  `sao` int(11) DEFAULT NULL,
  `ngay_binh_luan` datetime DEFAULT NULL,
  `id_nguoi_dung` varchar(255) DEFAULT NULL,
  `id_san_pham` varchar(255) DEFAULT NULL
) ENGINE=InnoDB DEFAULT CHARSET=utf8 COLLATE=utf8_unicode_ci;

-- --------------------------------------------------------

--
-- Cấu trúc bảng cho bảng `chi_tiet_don_hang`
--

CREATE TABLE `chi_tiet_don_hang` (
  `_id` varchar(255) NOT NULL,
  `gia_san_pham` decimal(10,2) DEFAULT NULL,
  `ten_san_pham` varchar(255) DEFAULT NULL,
  `so_luong` int(11) DEFAULT NULL,
  `kich_thuoc` varchar(50) DEFAULT NULL,
  `id_don_hang` varchar(255) DEFAULT NULL,
  `id_san_pham` varchar(255) DEFAULT NULL
) ENGINE=InnoDB DEFAULT CHARSET=utf8 COLLATE=utf8_unicode_ci;

-- --------------------------------------------------------

--
-- Cấu trúc bảng cho bảng `danh_muc`
--

CREATE TABLE `danh_muc` (
  `_id` varchar(255) NOT NULL,
  `danh_muc` varchar(255) DEFAULT NULL,
  `mo_ta` text DEFAULT NULL,
  `hinh_anh` varchar(500) NOT NULL
) ENGINE=InnoDB DEFAULT CHARSET=utf8 COLLATE=utf8_unicode_ci;

--
-- Đang đổ dữ liệu cho bảng `danh_muc`
--

INSERT INTO `danh_muc` (`_id`, `danh_muc`, `mo_ta`, `hinh_anh`) VALUES
('1', 'ĐỒNG HỒ LONGINES', 'Longines là một thương hiệu đồng hồ Thụy Sĩ danh tiếng với nhiều dòng sản phẩm nổi bật. Dòng Master Collection mang đến thiết kế cổ điển, tinh xảo với các chức năng phức tạp như lịch vạn niên, chronograph và moonphase, thích hợp cho những người yêu phong cách cổ điển. Dòng HydroConquest nổi bật với khả năng chống nước lên đến 300m, dành cho những người yêu thích thể thao dưới nước như lặn và bơi lội. Dòng Conquest kết hợp giữa thiết kế thể thao và sự thanh lịch, phù hợp cho những ai cần một chiếc đồng hồ sử dụng trong nhiều hoàn cảnh khác nhau. Cuối cùng, dòng DolceVita mang đến vẻ đẹp thanh lịch và tinh tế với thiết kế hình chữ nhật đặc trưng, lấy cảm hứng từ phong cách Art Deco, dành cho những người yêu thích phong cách sang trọng và cổ điển.', 'logo1.webp'),
('10', 'ĐỒNG HỒ SEIKO', 'Đồng hồ Seiko, thương hiệu nổi tiếng đến từ Nhật Bản, nổi bật với sự kết hợp giữa công nghệ tiên tiến và thiết kế sáng tạo. Seiko được biết đến với các mẫu đồng hồ chính xác và bền bỉ, sử dụng công nghệ độc quyền như cơ chế quartz và Spring Drive. Thương hiệu này cung cấp đa dạng các mẫu đồng hồ, từ những thiết kế cổ điển và thanh lịch đến những sản phẩm thể thao và kỹ thuật cao. Đồng hồ Seiko không chỉ là một phụ kiện thời trang mà còn là biểu tượng của sự đổi mới, chất lượng và sự tin cậy.', 'logo10.webp'),
('11', 'ĐỒNG HỒ CITIZEN', 'Đồng hồ Citizen, thương hiệu danh tiếng từ Nhật Bản, nổi bật với sự kết hợp giữa công nghệ tiên tiến và thiết kế hiện đại. Citizen được biết đến với các mẫu đồng hồ chính xác và bền bỉ, sử dụng công nghệ nổi bật như Eco-Drive, cho phép đồng hồ hoạt động bằng năng lượng ánh sáng mà không cần thay pin. Thương hiệu này cung cấp đa dạng các mẫu đồng hồ, từ thiết kế thanh lịch đến những sản phẩm thể thao và kỹ thuật cao. Đồng hồ Citizen không chỉ là một phụ kiện thời trang mà còn là biểu tượng của sự đổi mới, chất lượng và độ tin cậy.', 'logo11.webp'),
('12', 'ĐỒNG HỒ ORIENT', 'Đồng hồ Orient, thương hiệu nổi tiếng đến từ Nhật Bản, nổi bật với sự kết hợp giữa thiết kế tinh tế và chất lượng vượt trội. Orient được biết đến với các mẫu đồng hồ cơ học chính xác và bền bỉ, cùng với các thiết kế đa dạng từ cổ điển đến hiện đại. Thương hiệu này cam kết mang đến sự tinh xảo trong từng chi tiết và sự đổi mới trong công nghệ chế tác. Đồng hồ Orient không chỉ là một phụ kiện thời trang mà còn là biểu tượng của sự đẳng cấp và sự tin cậy.', 'logo12.webp'),
('13', 'ĐỒNG HỒ CASIO', 'Đồng hồ Casio, thương hiệu nổi tiếng từ Nhật Bản, nổi bật với sự kết hợp giữa công nghệ đổi mới và thiết kế chức năng. Casio được biết đến với các mẫu đồng hồ đa dạng từ những thiết kế thể thao và công nghệ cao đến những mẫu đơn giản và tiện dụng. Với các tính năng nổi bật như khả năng chống nước, đồng hồ điện tử và đèn nền, Casio mang đến sự tiện lợi và độ bền cao. Đồng hồ Casio không chỉ là một phụ kiện thời trang mà còn là biểu tượng của sự sáng tạo, độ tin cậy và giá trị sử dụng.', 'logo13.webp'),
('14', 'ĐỒNG HỒ OLYM PIANUS', 'Đồng hồ Olymp Pianus, thương hiệu nổi tiếng trong ngành đồng hồ, nổi bật với sự kết hợp giữa thiết kế tinh tế và chất lượng cao. Olymp Pianus được biết đến với các mẫu đồng hồ sang trọng và chính xác, thường được chế tác từ các vật liệu cao cấp và trang bị công nghệ hiện đại. Thương hiệu này mang đến cho người đeo sự đẳng cấp và phong cách riêng biệt thông qua sự chú trọng đến từng chi tiết và sự cam kết về độ bền. Đồng hồ Olymp Pianus không chỉ là một phụ kiện thời trang mà còn là biểu tượng của sự tinh xảo và sự đổi mới.', 'logo14.webp'),
('15', 'ĐỒNG HỒ CALVIN KLEIN', 'Đồng hồ Calvin Klein, thương hiệu nổi tiếng với phong cách thời trang và thiết kế hiện đại, nổi bật với sự kết hợp tinh tế giữa tính năng và thẩm mỹ. Calvin Klein mang đến các mẫu đồng hồ có thiết kế đơn giản nhưng sang trọng, thể hiện sự thanh lịch và sự đổi mới trong từng chi tiết. Thương hiệu này sử dụng vật liệu cao cấp và công nghệ tiên tiến để đảm bảo độ chính xác và độ bền. Đồng hồ Calvin Klein không chỉ là một phụ kiện thời trang mà còn là biểu tượng của sự đẳng cấp và sự tinh tế trong phong cách.', 'logo15.webp'),
('16', 'ĐỒNG HỒ DANIEL WELLINGTON', 'Đồng hồ Daniel Wellington nổi bật với thiết kế tinh tế và phong cách cổ điển, kết hợp sự đơn giản với sự thanh lịch. Thương hiệu này nổi tiếng với các mẫu đồng hồ có mặt số sạch sẽ và dây đeo dễ dàng thay đổi, cho phép người đeo cá nhân hóa phong cách của mình. Daniel Wellington sử dụng chất liệu chất lượng cao và chế tác tỉ mỉ để đảm bảo sự chính xác và độ bền. Đồng hồ Daniel Wellington không chỉ là một phụ kiện thời trang mà còn là biểu tượng của sự sang trọng và sự đổi mới trong thiết kế.', 'logo16.webp'),
('17', 'ĐỒNG HỒ FOSSIL', 'Đồng hồ Fossil, thương hiệu nổi tiếng đến từ Mỹ, nổi bật với thiết kế thời trang và phong cách cổ điển kết hợp với công nghệ hiện đại. Fossil được biết đến với các mẫu đồng hồ đa dạng, từ những thiết kế cổ điển và thanh lịch đến những sản phẩm thể thao và sáng tạo. Thương hiệu này sử dụng vật liệu chất lượng cao và chú trọng đến từng chi tiết trong chế tác để đảm bảo độ chính xác và độ bền. Đồng hồ Fossil không chỉ là một phụ kiện thời trang mà còn là biểu tượng của sự sáng tạo, sự tinh tế và phong cách cá nhân.', 'logo17.webp'),
('18', 'ĐỒNG HỒ MICHAEL KORS', 'Đồng hồ Michael Kors, thương hiệu nổi tiếng trong ngành thời trang, nổi bật với thiết kế sang trọng và phong cách hiện đại. Michael Kors mang đến các mẫu đồng hồ có mặt số tinh tế và dây đeo chất lượng cao, thường kết hợp với các chi tiết kim loại và đá quý để tạo nên sự nổi bật và đẳng cấp. Thương hiệu này chú trọng đến việc kết hợp giữa thẩm mỹ và chức năng, đảm bảo sự chính xác và độ bền. Đồng hồ Michael Kors không chỉ là một phụ kiện thời trang mà còn là biểu tượng của sự sang trọng và sự đổi mới trong thiết kế.', 'logo18.webp'),
('19', 'ĐỒNG HỒ SKAGEN', 'Đồng hồ Skagen, thương hiệu đến từ Đan Mạch, nổi bật với thiết kế tối giản và phong cách Scandinavia đặc trưng. Skagen mang đến các mẫu đồng hồ với mặt số đơn giản và dây đeo bằng kim loại hoặc da, thường được chế tác từ các vật liệu chất lượng cao và chú trọng đến sự tinh tế trong từng chi tiết. Thương hiệu này kết hợp sự thanh lịch với chức năng, đảm bảo sự chính xác và độ bền. Đồng hồ Skagen không chỉ là một phụ kiện thời trang mà còn là biểu tượng của sự đơn giản, tinh tế và phong cách hiện đại.', 'logo19.webp'),
('2', 'ĐỒNG HỒ TISSOT', 'Đồng hồ Tissot, một thương hiệu nổi tiếng trong ngành đồng hồ, mang đến sự kết hợp hoàn hảo giữa phong cách sang trọng và công nghệ tiên tiến. Với thiết kế tinh tế và chất lượng vượt trội, Tissot không chỉ thể hiện đẳng cấp mà còn đáp ứng nhu cầu của những người yêu thích sự chính xác và bền bỉ. Đồng hồ Tissot được chế tác từ những vật liệu cao cấp, với sự chú trọng từng chi tiết nhỏ, mang đến cho người đeo sự tự tin và phong cách cá nhân rõ nét', 'logo2.webp'),
('3', 'ĐỒNG HỒ MIDO', 'Đồng hồ Mido là một thương hiệu danh tiếng trong ngành đồng hồ, nổi bật với sự kết hợp hoàn hảo giữa thiết kế thanh lịch và công nghệ tiên tiến. Được biết đến với những mẫu đồng hồ có chất lượng vượt trội và độ bền cao, Mido mang đến cho người đeo sự sang trọng và tinh tế. Với sự chú trọng đến từng chi tiết và các vật liệu cao cấp, đồng hồ Mido không chỉ là một phụ kiện thời trang mà còn là biểu tượng của sự chính xác và đẳng cấp.', 'logo3.webp'),
('4', 'ĐỒNG HỒ HAMILTON', 'Đồng hồ Hamilton, một cái tên uy tín trong ngành đồng hồ, nổi bật với sự kết hợp giữa phong cách cổ điển và công nghệ hiện đại. Được biết đến với các thiết kế đặc trưng và chất lượng xuất sắc, Hamilton mang đến cho người đeo sự sang trọng và đáng tin cậy. Từ các mẫu đồng hồ thể thao đến những thiết kế tinh tế cho các dịp trang trọng, Hamilton chú trọng đến từng chi tiết và sử dụng các vật liệu cao cấp để đảm bảo độ chính xác và bền bỉ. Đồng hồ Hamilton không chỉ là một phụ kiện thời trang mà còn là một biểu tượng của sự đổi mới và đẳng cấp.', 'logo4.webp'),
('5', 'ĐỒNG HỒ CERTINA', 'Đồng hồ Certina nổi bật với sự kết hợp hoàn hảo giữa phong cách thể thao và sự tinh tế trong thiết kế. Với truyền thống lâu đời trong ngành đồng hồ, Certina đã xây dựng được danh tiếng nhờ vào chất lượng vượt trội và độ chính xác cao. Các mẫu đồng hồ của Certina thường được chế tác từ vật liệu bền bỉ và trang bị các công nghệ tiên tiến, mang đến cho người đeo sự tin cậy và phong cách riêng biệt. Đồng hồ Certina không chỉ là một phụ kiện thời trang mà còn là một biểu tượng của sự đổi mới và sự chăm sóc tỉ mỉ trong từng chi tiết.', 'logo5.webp'),
('6', 'ĐỒNG HỒ TITONI', 'Đồng hồ Titoni, một thương hiệu nổi tiếng trong ngành đồng hồ Thụy Sĩ, được biết đến với sự kết hợp hoàn hảo giữa thiết kế tinh tế và kỹ thuật chế tác chính xác. Titoni mang đến cho người đeo sự sang trọng và đẳng cấp thông qua các mẫu đồng hồ được chế tác từ những vật liệu cao cấp và trang bị các công nghệ tiên tiến. Với sự chú trọng đến từng chi tiết và sự cam kết về chất lượng, đồng hồ Titoni không chỉ là một phụ kiện thời trang mà còn là một biểu tượng của sự tinh xảo và bền bỉ.', 'logo6.webp'),
('7', 'ĐỒNG HỒ FREDERIQUE CONSTANT', 'Đồng hồ Frédérique Constant, thương hiệu nổi tiếng từ Thụy Sĩ, nổi bật với sự kết hợp tinh tế giữa thiết kế cổ điển và công nghệ hiện đại. Frédérique Constant được biết đến với việc chế tác những mẫu đồng hồ sang trọng và chính xác, sử dụng các vật liệu cao cấp và kỹ thuật tinh xảo. Thương hiệu này mang đến cho người đeo sự đẳng cấp và phong cách riêng biệt thông qua sự chú trọng đến từng chi tiết và cam kết về chất lượng. Đồng hồ Frédérique Constant không chỉ là một phụ kiện thời trang mà còn là biểu tượng của sự tinh tế và đổi mới.', 'logo7.webp'),
('8', 'ĐỒNG HỒ EDOX', 'Đồng hồ Edox, đến từ Thụy Sĩ, nổi bật với sự kết hợp hoàn hảo giữa phong cách thể thao và sự tinh tế trong thiết kế. Edox nổi tiếng với những mẫu đồng hồ bền bỉ và chính xác, được chế tác từ các vật liệu chất lượng cao và trang bị công nghệ tiên tiến. Thương hiệu này mang đến cho người đeo sự tin cậy và phong cách cá nhân rõ nét, từ các mẫu đồng hồ thể thao mạnh mẽ đến những thiết kế thanh lịch cho các dịp trang trọng. Đồng hồ Edox không chỉ là một phụ kiện thời trang mà còn là biểu tượng của sự đổi mới và chất lượng vượt trội.', 'logo8.webp'),
('9', 'ĐỒNG HỒ CLAUDE BERNARD', 'Đồng hồ Claude Bernard, đến từ Thụy Sĩ, nổi bật với sự kết hợp giữa thiết kế tinh tế và kỹ thuật chế tác chính xác. Thương hiệu này được biết đến với các mẫu đồng hồ sang trọng và chất lượng cao, được chế tác từ vật liệu cao cấp và trang bị công nghệ hiện đại. Claude Bernard mang đến cho người đeo sự đẳng cấp và phong cách riêng biệt thông qua sự chú trọng đến từng chi tiết và cam kết về độ bền. Đồng hồ Claude Bernard không chỉ là một phụ kiện thời trang mà còn là biểu tượng của sự tinh xảo và sự đổi mới.', 'logo9.webp');

-- --------------------------------------------------------

--
-- Cấu trúc bảng cho bảng `don_hang`
--

CREATE TABLE `don_hang` (
  `_id` varchar(255) NOT NULL,
  `dia_chi` text DEFAULT NULL,
  `tong_tien` decimal(10,2) DEFAULT NULL,
  `trang_thai` varchar(255) DEFAULT NULL,
  `da_thanh_toan` tinyint(1) DEFAULT NULL,
  `phi_ship` decimal(10,2) DEFAULT NULL,
  `thoi_gian_tao` datetime DEFAULT NULL,
  `id_nguoi_dung` varchar(255) DEFAULT NULL,
  `id_phuong_thuc_thanh_toan` varchar(255) DEFAULT NULL,
  `id_ghi_chu` varchar(255) DEFAULT NULL
) ENGINE=InnoDB DEFAULT CHARSET=utf8 COLLATE=utf8_unicode_ci;

-- --------------------------------------------------------

--
-- Cấu trúc bảng cho bảng `ghi_chu`
--

CREATE TABLE `ghi_chu` (
  `_id` varchar(255) NOT NULL,
  `ho_ten` varchar(255) DEFAULT NULL,
  `dien_thoai` varchar(255) DEFAULT NULL,
  `noi_dung_ghi_chu` text DEFAULT NULL
) ENGINE=InnoDB DEFAULT CHARSET=utf8 COLLATE=utf8_unicode_ci;

-- --------------------------------------------------------

--
-- Cấu trúc bảng cho bảng `nguoi_dung`
--

CREATE TABLE `nguoi_dung` (
  `_id` varchar(255) NOT NULL,
  `ten_dang_nhap` varchar(255) DEFAULT NULL,
  `mat_khau` varchar(255) DEFAULT NULL,
  `ho_ten` varchar(255) DEFAULT NULL,
  `email` varchar(255) DEFAULT NULL,
  `dia_chi` text DEFAULT NULL,
  `dien_thoai` varchar(255) DEFAULT NULL,
  `hinh_anh` varchar(255) DEFAULT NULL,
  `id_quyen` varchar(255) DEFAULT NULL
) ENGINE=InnoDB DEFAULT CHARSET=utf8 COLLATE=utf8_unicode_ci;

--
-- Đang đổ dữ liệu cho bảng `nguoi_dung`
--

INSERT INTO `nguoi_dung` (`_id`, `ten_dang_nhap`, `mat_khau`, `ho_ten`, `email`, `dia_chi`, `dien_thoai`, `hinh_anh`, `id_quyen`) VALUES
('1', 'tài', '$2b$10$MwVX5bGI7wjVW5laF56ixudm22ICligQUg3H00q.iyJvs9Bp3PhxW', 'nguyễn tấn tài', 'nguyentantai612004@gmail.com', '113/6a', '0837761450', 'DMdonghonam.avif', '2'),
('2', 'tài', '$2b$10$XtSpNouweUra2byuU/CcOOsGDkF2QCjMixE.DsNAjqHfPVYrQ/BEO', 'nguyễn tấn tài', 'nguyentantai61200sdd4@gmail.com', '113/6a', '0837761450', 'DMdonghonam.avif', '2');

-- --------------------------------------------------------

--
-- Cấu trúc bảng cho bảng `phuong_thuc_thanh_toan`
--

CREATE TABLE `phuong_thuc_thanh_toan` (
  `_id` varchar(255) NOT NULL,
  `ten_phuong_thuc` varchar(255) DEFAULT NULL
) ENGINE=InnoDB DEFAULT CHARSET=utf8 COLLATE=utf8_unicode_ci;

-- --------------------------------------------------------

--
-- Cấu trúc bảng cho bảng `quyen`
--

CREATE TABLE `quyen` (
  `_id` varchar(255) NOT NULL,
  `quyen` enum('admin','khachhang') NOT NULL
) ENGINE=InnoDB DEFAULT CHARSET=utf8 COLLATE=utf8_unicode_ci;

--
-- Đang đổ dữ liệu cho bảng `quyen`
--

INSERT INTO `quyen` (`_id`, `quyen`) VALUES
('1', 'admin'),
('2', 'khachhang');

-- --------------------------------------------------------

--
-- Cấu trúc bảng cho bảng `sale`
--

CREATE TABLE `sale` (
  `_id` varchar(255) NOT NULL,
  `khuyen_mai` decimal(10,2) DEFAULT NULL,
  `mo_ta` text DEFAULT NULL,
  `trang_thai` tinyint(1) DEFAULT NULL,
  `bat_dau` datetime DEFAULT NULL,
  `ket_thuc` datetime DEFAULT NULL,
  `id_san_pham` varchar(255) DEFAULT NULL
) ENGINE=InnoDB DEFAULT CHARSET=utf8 COLLATE=utf8_unicode_ci;

-- --------------------------------------------------------

--
-- Cấu trúc bảng cho bảng `san_pham`
--

CREATE TABLE `san_pham` (
  `_id` varchar(255) NOT NULL,
  `ten_san_pham` varchar(255) DEFAULT NULL,
  `ten` varchar(255) NOT NULL,
  `gia_san_pham` int(30) DEFAULT NULL,
  `gia_giam` int(30) NOT NULL,
  `hinh_anh` varchar(255) DEFAULT NULL,
  `mo_ta` text DEFAULT NULL,
  `gioi_tinh` varchar(50) DEFAULT NULL,
  `so_luong` int(11) DEFAULT NULL,
  `ma_san_pham` varchar(255) NOT NULL,
  `loai_may` varchar(100) DEFAULT NULL,
  `duong_kinh` varchar(100) DEFAULT NULL,
  `xuat_xu` varchar(100) NOT NULL,
  `chat_lieu_day` varchar(100) DEFAULT NULL,
  `do_chiu_nuoc` varchar(50) NOT NULL,
  `chat_lieu_vo` varchar(100) DEFAULT NULL,
  `mat_kinh` varchar(100) DEFAULT NULL,
  `mau_mat` varchar(100) DEFAULT NULL,
  `phong_cach` varchar(100) DEFAULT NULL,
  `kieu_dang` varchar(100) DEFAULT NULL,
  `createdAt` timestamp NOT NULL DEFAULT current_timestamp() ON UPDATE current_timestamp(),
  `id_danh_muc` varchar(255) DEFAULT NULL
) ENGINE=InnoDB DEFAULT CHARSET=utf8 COLLATE=utf8_unicode_ci;

--
-- Đang đổ dữ liệu cho bảng `san_pham`
--

INSERT INTO `san_pham` (`_id`, `ten_san_pham`, `ten`, `gia_san_pham`, `gia_giam`, `hinh_anh`, `mo_ta`, `gioi_tinh`, `so_luong`, `ma_san_pham`, `loai_may`, `duong_kinh`, `xuat_xu`, `chat_lieu_day`, `do_chiu_nuoc`, `chat_lieu_vo`, `mat_kinh`, `mau_mat`, `phong_cach`, `kieu_dang`, `createdAt`, `id_danh_muc`) VALUES
('1', 'Đồng hồ unisex Longines Conquest', 'ĐỒNG HỒ LONGINES CONQUEST AUTOMATIC L3.320.4.07.6 (L33204076)', 66125000, 59512000, '1.webp', 'Đồng hồ Longines Conquest Automatic L3.320.4.07.6 (L33204076) là một mẫu đồng hồ thể thao sang trọng, kết hợp giữa thiết kế tinh tế và công nghệ chế tác chính xác của Longines. Với vỏ thép không gỉ và mặt số màu đen mạnh mẽ, đồng hồ này nổi bật với các chỉ số giờ và phút rõ ràng cùng với các chi tiết kim loại bóng bẩy. Cung cấp cơ chế tự động, nó không chỉ đảm bảo độ chính xác cao mà còn thể hiện sự bền bỉ và sự tinh xảo trong từng chi tiết. Đây là một lựa chọn hoàn hảo cho những ai yêu thích sự sang trọng và phong cách thể thao.', 'Unisex', 100, 'L3.320.4.07.6', 'Automatic (Máy cơ tự động)', '30mm', 'Thụy Sỹ', 'Thép không gỉ 316L', '100m', 'Thép không gỉ 316L', 'Sapphire', 'Xanh Lá', 'Sang trọng', 'Mặt tròn', '2024-08-05 10:02:57', '1'),
('10', 'Đồng hồ nữ Longines Master', 'ĐỒNG HỒ NỮ LONGINES MASTER COLLECTION L2.128.4.78.6', 51750000, 46575000, '10.webp', 'Đồng hồ nữ Longines Master Collection L2.128.4.78.6 là một mẫu đồng hồ cao cấp với thiết kế cổ điển và sự tinh xảo trong chế tác. Vỏ thép không gỉ và mặt số màu bạc mang đến sự thanh lịch và sang trọng. Đồng hồ được trang bị cơ chế tự động và các chỉ số giờ rõ ràng, cùng với lịch ngày ở vị trí 3 giờ, tạo nên sự tiện ích và chính xác. Dây đeo bằng da cao cấp hoàn thiện vẻ đẹp tinh tế của đồng hồ. Longines Master Collection L2.128.4.78.6 không chỉ là một phụ kiện thời trang mà còn là biểu tượng của sự đẳng cấp và sự tinh tế trong thiết kế đồng hồ nữ.', 'Nữ', 100, 'L2.128.4.78.6', 'Automatic (Máy cơ tự động)', '25.5mm', 'Thụy Sỹ', 'Thép không gỉ 316L', '30m', 'Thép không gỉ 316L', 'Sapphire', 'Trắng', 'Sang trọng', 'Mặt tròn', '2024-08-05 10:30:45', '1'),
('100', 'Đồng hồ nam Seiko 5 Quân Đội', 'ĐỒNG HỒ NAM SEIKO 5 SPORTS FIELD QUÂN ĐỘI SRPJ83K1', 8760000, 7884000, '100.webp', 'Đồng hồ nam Seiko 5 Quân Đội có thiết kế thể thao và bền bỉ với mặt số màu xanh quân đội hoặc đen, vỏ thép không gỉ, và dây đeo bằng vải hoặc cao su. Các chỉ số và kim phát quang giúp dễ đọc trong điều kiện ánh sáng yếu. Mặt kính Hardlex chống trầy xước và chức năng tự động hoàn thiện phong cách mạnh mẽ và đáng tin cậy.', 'Nam', 100, 'SRPJ83K1', 'Automatic (Máy cơ tự động)', '36.4mm', 'Nhật Bản', 'Dây dù', '100m', 'Thép không gỉ 316L', 'Hardlex Crystal', 'Vàng', 'Hiện đại', 'Mặt tròn', '2024-08-05 14:37:10', '10'),
('101', 'Đồng hồ nam Citizen Tsuyosa', 'ĐỒNG HỒ NAM CITIZEN TSUYOSA NJ0151-88Z', 12285000, 9828000, '101.webp', 'Đồng hồ nam Citizen Tsuyosa NJ0151-88Z có thiết kế hiện đại với mặt số màu xanh lá cây và vỏ thép không gỉ. Kim và chỉ số phát quang giúp dễ đọc trong điều kiện ánh sáng yếu. Dây đeo thép không gỉ và mặt kính sapphire chống trầy xước mang đến phong cách sang trọng và bền bỉ', 'Nam', 100, 'NJ0151-88Z', 'Automatic (Máy cơ tự động)', '40mm', 'Nhật Bản', 'Thép không gỉ 316L', '50m', 'Thép không gỉ 316L', 'Sapphire', 'Da Cam', 'Sang trọng', 'Mặt tròn', '2024-08-06 06:14:46', '11'),
('102', 'Đồng hồ nữ Citizen Automatic', 'ĐỒNG HỒ NỮ CITIZEN AUTOMATIC PC1017-70Y', 15400000, 12320000, '102.webp', 'Đồng hồ nữ Citizen Automatic PC1017-70Y có thiết kế thanh lịch với mặt số màu trắng ngọc trai và vỏ thép không gỉ mạ vàng. Kim và chỉ số được đính đá lấp lánh tạo điểm nhấn sang trọng. Dây đeo thép không gỉ mạ vàng và mặt kính sapphire chống trầy xước hoàn thiện phong cách tinh tế và quý phái.', 'Nữ', 100, 'PC1017-70Y', 'Automatic (Máy cơ tự động)', '34mm', 'Nhật Bản', 'Thép không gỉ 316L mạ vàng công nghệ PVD', '100m', 'Thép không gỉ mạ vàng công nghệ PVD', 'Sapphire', 'Hồng', 'Sang trọng', 'Mặt tròn', '2024-08-06 06:17:51', '11'),
('103', 'Đồng hồ nữ Citizen Quartz', 'ĐỒNG HỒ CITIZEN EU6096-58A', 4185000, 3348000, '103.webp', 'Đồng hồ Citizen EU6096-58A có thiết kế đơn giản và thanh lịch với mặt số màu trắng và vỏ thép không gỉ mạ vàng. Kim và chỉ số mạ vàng tạo điểm nhấn tinh tế. Dây đeo thép không gỉ mạ vàng và mặt kính khoáng chống trầy xước hoàn thiện phong cách cổ điển và sang trọng.', 'Nữ', 100, 'EU6096-58A', 'Quartz (Máy pin - điện tử)', '28mm', 'Nhật Bản', 'Thép không gỉ 316L mạ vàng công nghệ PVD', '50m', 'Thép không gỉ mạ vàng công nghệ PVD', 'Mặt kính cứng', 'Trắng', 'Hiện đại', 'Mặt tròn', '2024-08-06 06:23:28', '11'),
('104', 'Đồng hồ nam Citizen Automatic', 'ĐỒNG HỒ CITIZEN C7 NH8390-11X', 8177000, 6541000, '104.webp', 'Đồng hồ Citizen C7 NH8390-11X có thiết kế cổ điển với mặt số màu xanh lá cây và vỏ thép không gỉ. Kim và chỉ số mạ bạc tạo điểm nhấn tinh tế. Dây đeo bằng da màu nâu và mặt kính khoáng chống trầy xước mang đến phong cách thanh lịch và bền bỉ.', 'Nam', 100, 'NH8390-11X', 'Automatic (Máy cơ tự động)', '40mm', 'Nhật Bản', 'Dây da', '50m', 'Thép không gỉ 316L', 'Mặt kính cứng', 'Đỏ', 'Hiện đại', 'Mặt tròn', '2024-08-06 06:26:24', '11'),
('105', 'Đồng hồ nữ Citizen Eco-Drive', 'ĐỒNG HỒ NỮ CITIZEN ECO-DRIVE FE1140-51X', 5880000, 4704000, '105.webp', 'Đồng hồ nữ Citizen Eco-Drive FE1140-51X có thiết kế sang trọng với mặt số màu hồng nhạt và vỏ thép không gỉ. Kim và chỉ số được mạ bạc tạo điểm nhấn tinh tế. Dây đeo thép không gỉ và mặt kính khoáng chống trầy xước hoàn thiện phong cách thanh lịch và bền bỉ. Đồng hồ sử dụng công nghệ Eco-Drive, hấp thụ năng lượng từ ánh sáng để hoạt động mà không cần pin.', 'Nam', 100, 'FE1140-51X', 'Eco-Drive (Năng lượng ánh sáng)', '40mm', 'Nhật Bản', 'Thép không gỉ 316L', '50m', 'Thép không gỉ 316L', 'Mặt kính cứng', 'Hồng', 'Thời trang', 'Mặt tròn', '2024-08-06 06:29:13', '11'),
('106', 'ĐỒNG HỒ CITIZEN L', 'ĐỒNG HỒ NỮ CITIZEN L EM0990-81L', 7885000, 6308000, '106.webp', 'Đồng hồ nữ Citizen L EM0990-81L có thiết kế thanh lịch với mặt số màu xanh và vỏ thép không gỉ mạ bạc. Kim và chỉ số được mạ bạc tạo điểm nhấn sang trọng. Dây đeo thép không gỉ và mặt kính sapphire chống trầy xước mang đến phong cách tinh tế và bền bỉ. Đồng hồ sử dụng công nghệ Eco-Drive, hấp thụ năng lượng từ ánh sáng để hoạt động mà không cần pin.', 'Nữ', 100, 'EM0990-81L', 'Eco-Drive (Năng lượng ánh sáng)', '27.7mm', 'Nhật Bản', 'Thép không gỉ 316L', '50m', 'Thép không gỉ 316L', 'Sapphire', 'Xanh lam', 'Hiện đại', 'Mặt tròn', '2024-08-06 06:34:23', '11'),
('107', 'Đồng hồ nữ Citizen L', 'ĐỒNG HỒ NỮ CITIZEN L EM0993-82X', 8885000, 7108000, '107.webp', 'Đồng hồ nữ Citizen L EM0993-82X có thiết kế sang trọng với mặt số màu hồng ngọc trai và vỏ thép không gỉ mạ vàng hồng. Kim và chỉ số được mạ vàng hồng tạo điểm nhấn quý phái. Dây đeo thép không gỉ mạ vàng hồng và mặt kính sapphire chống trầy xước hoàn thiện phong cách tinh tế và bền bỉ. Đồng hồ sử dụng công nghệ Eco-Drive, hấp thụ năng lượng từ ánh sáng để hoạt động mà không cần pin.', 'Nữ', 100, 'EM0993-82X', 'Eco-Drive (Năng lượng ánh sáng)', '27.7mm', 'Nhật Bản', 'Thép không gỉ 316L', '50m', 'Thép không gỉ 316L', 'Sapphire', 'Hồng', 'Hiện đại', 'Mặt tròn', '2024-08-06 06:36:47', '11'),
('108', 'Đồng hồ nữ Citizen L', 'ĐỒNG HỒ NỮ CITIZEN L EM0993-82Z', 8885000, 7108000, '108.webp', 'Đồng hồ nữ Citizen L EM0993-82Z có thiết kế thanh lịch với mặt số màu hồng ngọc trai và vỏ thép không gỉ mạ vàng hồng. Kim và chỉ số mạ vàng hồng tạo điểm nhấn sang trọng. Dây đeo thép không gỉ mạ vàng hồng và mặt kính sapphire chống trầy xước hoàn thiện phong cách tinh tế và bền bỉ. Đồng hồ sử dụng công nghệ Eco-Drive, hấp thụ năng lượng từ ánh sáng để hoạt động mà không cần pin.', 'Nữ', 100, 'EM0993-82Z', 'Eco-Drive (Năng lượng ánh sáng)', '27.7mm', 'Nhật Bản', 'Thép không gỉ 316L mạ vàng công nghệ PVD', '50m', 'Thép không gỉ mạ vàng công nghệ PVD', 'Sapphire', 'Xanh Lá', 'Hiện đại', 'Mặt tròn', '2024-08-06 06:38:47', '11'),
('109', 'Đồng hồ nam Citizen Series 8', 'ĐỒNG HỒ NAM CITIZEN SERIES 8-831 MECHANICAL NB6059-57P', 37685000, 30148000, '109.webp', 'Đồng hồ nam Citizen Series 8-831 Mechanical NB6059-57P có thiết kế mạnh mẽ với mặt số màu vàng nhạt và vỏ thép không gỉ. Kim và chỉ số được mạ bạc tạo điểm nhấn tinh tế. Dây đeo thép không gỉ và mặt kính sapphire chống trầy xước mang đến phong cách lịch lãm và bền bỉ. Đồng hồ sử dụng bộ máy cơ tự động, mang lại sự chính xác và độ tin cậy cao.', 'Nam', 100, 'NB6059-57P', 'Automatic (Máy cơ tự động)', '40.8mm', 'Nhật Bản', 'Thép không gỉ 316L', '100m', 'Thép không gỉ 316L', 'Saphire (tráng lớp phủ không phản chiếu)', 'Vàng', 'Hiện đại', 'Mặt tròn', '2024-08-06 06:41:31', '11'),
('11', 'Đồng hồ nam Tissot PRX', 'ĐỒNG HỒ NAM TISSOT PRX POWERMATIC 80 T137.407.11.091.01', 21000000, 18900000, '11.webp', 'Đồng hồ nam Tissot PRX Powermatic 80 T137.407.11.091.01 nổi bật với thiết kế hiện đại và tính năng ưu việt. Với vỏ thép không gỉ và mặt số màu xanh đậm, đồng hồ này kết hợp sự thanh lịch với chức năng mạnh mẽ. Được trang bị cơ chế Powermatic 80, nó cung cấp đến 80 giờ dự trữ năng lượng, đảm bảo độ chính xác và độ bền cao. Các chỉ số giờ được thiết kế rõ ràng, cùng với dây đeo bằng thép không gỉ, tạo nên vẻ ngoài mạnh mẽ nhưng vẫn tinh tế. Đồng hồ Tissot PRX Powermatic 80 không chỉ là một phụ kiện thời trang mà còn là biểu tượng của sự đổi mới và sự tin cậy trong thiết kế đồng hồ.', 'Nam', 100, 'T137.407.11.091.01', 'Automatic (Máy cơ tự động)', '40mm', 'Thụy Sỹ', 'Thép không gỉ 316L', '100m', 'Thép không gỉ 316L', 'Sapphire', 'Xanh Lá', 'Hiện đại', 'Mặt tròn', '2024-08-05 10:33:44', '2'),
('110', 'Đồng hồ nữ Citizen L', 'ĐỒNG HỒ NAM CITIZEN SERIES 8-831 MECHANICAL NB6059-57P', 13785000, 11028000, '110.webp', 'Đồng hồ nữ Citizen L Eco-Drive EW5603-89Y có thiết kế sang trọng với mặt số ngọc trai và vỏ thép không gỉ mạ vàng hồng. Kim và chỉ số mạ vàng hồng tạo điểm nhấn quý phái. Dây đeo thép không gỉ mạ vàng hồng và mặt kính sapphire chống trầy xước hoàn thiện phong cách tinh tế và bền bỉ. Đồng hồ sử dụng công nghệ Eco-Drive, hấp thụ năng lượng từ ánh sáng để hoạt động mà không cần pin.', 'Nam', 100, 'EW5603-89Y', 'Eco-Drive (Năng lượng ánh sáng)', '21.5mm - 28.4mm', 'Nhật Bản', 'Thép không gỉ 316L mạ vàng công nghệ PVD', '50m', 'Thép không gỉ mạ vàng công nghệ PVD', 'Sapphire', 'Khảm trai', 'Thời trang', 'Mặt chữ nhật', '2024-08-06 06:44:00', '11'),
('111', 'Đồng hồ nam Orient Bambino', 'ĐỒNG HỒ NAM ORIENT CLASSIC BAMBINO 38 SMALL SECONDS RA-AP0106S30B', 9420000, 7536000, '111.webp', 'Đồng hồ nam Orient Classic Bambino 38 Small Seconds RA-AP0106S30B có thiết kế cổ điển với mặt số màu trắng và vỏ thép không gỉ. Các chỉ số và kim mạ bạc tạo điểm nhấn tinh tế. Mặt số phụ nhỏ ở vị trí 6 giờ thêm phần thanh lịch. Dây đeo da nâu và mặt kính khoáng chống trầy xước hoàn thiện phong cách thanh nhã và bền bỉ. Đồng hồ sử dụng bộ máy cơ tự động, đảm bảo độ chính xác và độ tin cậy cao.', 'Nam', 100, 'RA-AP0106S30B', 'Automatic (Máy cơ tự động)', '38.4mm', 'Nhật Bản', 'Dây da', '30m', 'Thép không gỉ mạ vàng công nghệ PVD', 'Mặt kính cứng', 'Trắng', 'Sang trọng', 'Mặt tròn', '2024-08-06 06:47:19', '12'),
('112', 'Đồng hồ nam Orient Bambino', 'ĐỒNG HỒ NAM ORIENT CLASSIC BAMBINO 38 SMALL SECONDS RA-AP0105Y30B', 8840000, 7072000, '112.webp', 'Đồng hồ nam Orient Classic Bambino 38 Small Seconds RA-AP0105Y30B có thiết kế thanh lịch với mặt số màu vàng champagne và vỏ thép không gỉ. Các chỉ số và kim mạ vàng tạo điểm nhấn sang trọng. Mặt số phụ nhỏ ở vị trí 6 giờ thêm phần tinh tế. Dây đeo da nâu và mặt kính khoáng chống trầy xước hoàn thiện phong cách cổ điển và bền bỉ. Đồng hồ sử dụng bộ máy cơ tự động, mang lại sự chính xác và độ tin cậy cao.', 'Nam', 100, 'RA-AP0105Y30B', 'Automatic (Máy cơ tự động)', '38.4mm', 'Nhật Bản', 'Dây da', '30m', 'Thép không gỉ 316L', 'Mặt kính cứng', 'Trắng ngà', 'Sang trọng', 'Mặt tròn', '2024-08-06 06:50:35', '12'),
('113', 'Đồng hồ nam Orient Bambino', 'ĐỒNG HỒ NAM ORIENT CLASSIC BAMBINO 38 SMALL SECONDS RA-AP0104S30B', 8840000, 7072000, '113.webp', 'Đồng hồ nam Orient Classic Bambino 38 Small Seconds RA-AP0104S30B có thiết kế tinh tế với mặt số màu bạc và vỏ thép không gỉ. Các chỉ số và kim mạ bạc tạo điểm nhấn thanh lịch. Mặt số phụ nhỏ ở vị trí 6 giờ thêm phần độc đáo. Dây đeo da nâu và mặt kính khoáng chống trầy xước hoàn thiện phong cách cổ điển và bền bỉ. Đồng hồ sử dụng bộ máy cơ tự động, đảm bảo độ chính xác và độ tin cậy cao.', 'Nam', 100, 'RA-AP0104S30B', 'Automatic (Máy cơ tự động)', '38.4mm', 'Nhật Bản', 'Dây da', '30m', 'Thép không gỉ 316L', 'Mặt kính cứng', 'Trắng', 'Sang trọng', 'Mặt tròn', '2024-08-06 06:52:29', '12'),
('114', 'Đồng hồ nam Orient Bambino', 'ĐỒNG HỒ NAM ORIENT CLASSIC BAMBINO 38 SMALL SECONDS RA-AP0101B30B', 8840000, 7072000, '114.webp', 'Đồng hồ nam Orient Classic Bambino 38 Small Seconds RA-AP0101B30B có thiết kế thanh lịch với mặt số màu đen và vỏ thép không gỉ. Các chỉ số và kim mạ bạc tạo điểm nhấn nổi bật trên nền màu đen. Mặt số phụ nhỏ ở vị trí 6 giờ tăng thêm vẻ tinh tế. Dây đeo da đen và mặt kính khoáng chống trầy xước hoàn thiện phong cách cổ điển và bền bỉ. Đồng hồ sử dụng bộ máy cơ tự động, mang lại sự chính xác và độ tin cậy cao.', 'Nam', 100, 'RA-AP0101B30B', 'Automatic (Máy cơ tự động)', '38.4mm', 'Nhật Bản', 'Dây da', '30m', 'Thép không gỉ 316L', 'Mặt kính cứng', 'Đen', 'Sang trọng', 'Mặt tròn', '2024-08-06 06:54:25', '12'),
('115', 'Đồng hồ nữ Orient Automatic', 'ĐỒNG HỒ NỮ ORIENT CONTEMPORARY RA-NR2001G10B', 8960000, 7168000, '115.webp', 'Đồng hồ nữ Orient Contemporary RA-NR2001G10B có thiết kế sang trọng với mặt số màu xanh đậm và vỏ thép không gỉ. Các chỉ số và kim mạ vàng tạo điểm nhấn tinh tế. Dây đeo da màu nâu và mặt kính khoáng chống trầy xước hoàn thiện phong cách thanh lịch và bền bỉ. Đồng hồ sử dụng bộ máy cơ tự động, đảm bảo độ chính xác và độ tin cậy cao.', 'Nam', 100, 'RA-NR2001G10B', 'Automatic (Máy cơ tự động)', '32mm', 'Nhật Bản', 'Thép không gỉ 316L', '50m', 'Thép không gỉ 316L', 'Mặt kính cứng', 'Vàng', 'Sang trọng', 'Mặt tròn', '2024-08-06 06:56:43', '12'),
('116', 'Đồng hồ nam Orient SK', 'ORIENT SK VIETNAM SPECIAL EDITION 2022 RA-AA0B05R19B', 8000000, 6400000, '116.webp', 'Đồng hồ Orient SK Vietnam Special Edition 2022 RA-AA0B05R19B có thiết kế đặc biệt với mặt số màu đỏ và vỏ thép không gỉ. Kim và chỉ số mạ bạc tạo điểm nhấn nổi bật. Dây đeo da đen và mặt kính khoáng chống trầy xước hoàn thiện phong cách thể thao và độc đáo. Đồng hồ sử dụng bộ máy cơ tự động, mang lại sự chính xác và độ tin cậy cao, kỷ niệm sự kiện đặc biệt với thiết kế độc quyền.', 'Nam', 100, 'RA-AA0B05R19B', 'Automatic (Máy cơ tự động)', '41.7mm', 'Nhật Bản', 'Thép không gỉ 316L', '50m', 'Thép không gỉ 316L', 'Mặt kính cứng', 'Đỏ', 'Quân đội', 'Mặt tròn', '2024-08-06 06:59:26', '12'),
('117', 'Đồng hồ nam Orient Mako', 'ĐỒNG HỒ NAM ORIENT MAKO SOLAR RA-TX0202B10B', 9340000, 7472000, '117.webp', 'Đồng hồ nam Orient Mako Solar RA-TX0202B10B có thiết kế thể thao với mặt số màu xanh dương và vỏ thép không gỉ. Các chỉ số và kim mạ bạc nổi bật trên nền mặt số. Dây đeo cao su màu đen và mặt kính khoáng chống trầy xước mang đến sự bền bỉ và thoải mái khi đeo. Đồng hồ sử dụng công nghệ solar, hấp thụ năng lượng ánh sáng để hoạt động, giúp loại bỏ sự cần thiết phải thay pin.', 'Nam', 100, 'RA-TX0202B10B', 'Quartz Solar (Năng lượng ánh sáng)', '42.8mm', 'Nhật Bản', 'Thép không gỉ 316L', '200m', 'Thép không gỉ 316L', 'Mặt kính cứng', 'Đen', 'Thể thao', 'Mặt tròn', '2024-08-06 07:02:50', '12'),
('118', 'ĐỒNG HỒ ORIENT STAR', 'ĐỒNG HỒ NAM ORIENT MAKO SOLAR RA-TX0202B10B', 61970000, 49576000, '118.webp', 'Đồng hồ nam Orient Star Tazawa Lake Moonphase Limited RE-AY0121A00B có thiết kế tinh xảo với mặt số màu xanh lam, mô phỏng hình ảnh hồ Tazawa. Mặt số phụ hiển thị lịch moonphase cùng với các chỉ số và kim mạ bạc. Vỏ thép không gỉ và dây đeo da nâu hoàn thiện vẻ đẹp sang trọng. Mặt kính sapphire chống trầy xước và bộ máy cơ tự động mang lại độ chính xác cao. Phiên bản giới hạn này kỷ niệm vẻ đẹp của hồ Tazawa.\"', 'Nam', 100, 'RE-AY0121A00B', 'Quartz Solar (Năng lượng ánh sáng)', '42.8mm', 'Nhật Bản', 'Dây da', '50m', 'Thép không gỉ mạ vàng công nghệ PVD', 'Sapphire', 'Nâu', 'Sang trọng', 'Mặt tròn', '2024-08-06 07:05:24', '12'),
('119', 'Đồng hồ nam Orient', 'ĐỒNG HỒ NAM ORIENT SPORT CHRONOGRAPH SOLAR RA-TX0201L10B', 9340000, 7472000, '119.webp', 'Đồng hồ nam Orient Sport Chronograph Solar RA-TX0201L10B có thiết kế thể thao mạnh mẽ với mặt số màu xanh và các chỉ số trắng nổi bật. Vỏ thép không gỉ kết hợp với dây đeo cao su đen tạo sự chắc chắn và thoải mái. Mặt kính khoáng chống trầy xước và chức năng chronograph cho phép theo dõi thời gian chính xác. Công nghệ solar giúp đồng hồ hoạt động bằng năng lượng ánh sáng, loại bỏ nhu cầu thay pin.', 'Nam', 100, 'RA-TX0201L10B', 'Quartz Solar (Năng lượng ánh sáng)', '42.8mm', 'Nhật Bản', 'Thép không gỉ 316L', '200m', 'Thép không gỉ 316L', 'Sapphire', 'Xanh lam', 'Thể thao', 'Mặt tròn', '2024-08-06 07:08:08', '12'),
('12', 'Đồng hồ nam Tissot PRX', 'ĐỒNG HỒ NAM TISSOT PRX POWERMATIC 80 T137.407.33.021.00', 24340000, 21906000, '12.webp', 'Đồng hồ nam Tissot PRX Powermatic 80 T137.407.33.021.00 nổi bật với thiết kế hiện đại và thanh lịch. Với vỏ thép không gỉ và mặt số màu xám, đồng hồ này kết hợp phong cách cổ điển với các tính năng hiện đại. Được trang bị cơ chế Powermatic 80, đồng hồ cung cấp đến 80 giờ dự trữ năng lượng, mang đến độ chính xác và sự bền bỉ vượt trội. Các chỉ số giờ và kim được thiết kế rõ ràng, cùng với dây đeo bằng thép không gỉ, tạo nên vẻ ngoài tinh tế và sang trọng. Tissot PRX Powermatic 80 không chỉ là một phụ kiện thời trang mà còn là biểu tượng của sự đổi mới và chất lượng trong thiết kế đồng hồ.', 'Nam', 100, 'T137.407.33.021.00', 'Automatic (Máy cơ tự động)', '40mm', 'Thụy Sỹ', 'Thép không gỉ 316L mạ vàng công nghệ PVD', '100m', 'Thép không gỉ mạ vàng công nghệ PVD', 'Sapphire', 'Vàng', 'Hiện đại', 'Mặt tròn', '2024-08-05 10:36:14', '2'),
('120', 'Đồng hồ nữ Orient Sun And Moon', 'ORIENT SUN AND MOON RA-KB0001S10B', 9410000, 7528000, '120.webp', 'Đồng hồ Orient Sun and Moon RA-KB0001S10B có thiết kế đặc trưng với mặt số trắng và các chỉ số mạ bạc. Điểm nổi bật là cửa sổ hiển thị mặt trời và mặt trăng, cho phép theo dõi chu kỳ ngày đêm. Vỏ thép không gỉ và dây đeo da nâu mang đến vẻ đẹp thanh lịch và bền bỉ. Mặt kính khoáng chống trầy xước và bộ máy cơ tự động cung cấp sự chính xác và độ tin cậy cao.', 'Nữ', 100, 'RA-KB0001S10B', 'Quartz (Máy pin - điện tử)', '34.3mm', 'Nhật Bản', 'Thép không gỉ 316L mạ vàng công nghệ PVD', '30m', 'Thép không gỉ 316L', 'Mặt kính cứng', 'Trắng', 'Hiện đại', 'Mặt tròn', '2024-08-06 07:11:11', '12'),
('121', 'Đồng hồ unisex Casio General', 'ĐỒNG HỒ CASIO A168WA-1DF', 1210000, 968000, '121.webp', 'Đồng hồ Casio A168WA-1DF có thiết kế cổ điển với mặt số kỹ thuật số và vỏ thép không gỉ màu bạc. Với dây đeo thép cũng màu bạc, đồng hồ này mang đến phong cách thanh lịch và bền bỉ. Tính năng kỹ thuật số cho phép hiển thị giờ, phút, giây, và có chức năng đèn nền LED, báo thức, và đồng hồ bấm giờ. Đây là một lựa chọn tuyệt vời cho những ai yêu thích thiết kế retro và sự tiện lợi của các tính năng kỹ thuật số.', 'Unisex', 100, 'A168WA-1DF', 'Quartz (Máy pin - điện tử)', '34.3mm', 'Nhật Bản', 'Thép không gỉ 316L', '50m', 'Nhựa', 'Kinh Nhựa', 'Đen', 'Hiện đại', 'Mặt vuông', '2024-08-06 07:14:15', '13'),
('122', 'ĐỒNG HỒ CASIO GENERAL', 'ĐỒNG HỒ CASIO A168WEGM-9DF', 3727000, 2617000, '122.webp', 'Đồng hồ Casio A168WEGM-9DF có thiết kế cổ điển với mặt số kỹ thuật số và vỏ thép không gỉ màu vàng. Dây đeo cũng bằng thép màu vàng, tạo vẻ sang trọng và thanh lịch. Đồng hồ cung cấp các tính năng như hiển thị giờ, phút, giây, đèn nền LED, báo thức, và đồng hồ bấm giờ. Phù hợp cho những ai yêu thích thiết kế retro với màu vàng nổi bật và các chức năng kỹ thuật số tiện ích.', 'Unisex', 100, 'A168WEGM-9DF', 'Quartz (Máy pin - điện tử)', '38.6 mm x 36.9 mm', 'Nhật Bản', 'Thép không gỉ 316L mạ vàng công nghệ PVD', '30m', 'Nhựa', 'Kinh Nhựa', 'Vàng', 'Hiện đại', 'Mặt vuông', '2024-08-06 07:17:13', '13'),
('123', 'Đồng hồ unisex Casio General', 'ĐỒNG HỒ CASIO A168WA-1WDF', 1210000, 968000, '123.webp', 'Đồng hồ Casio A168WA-1WDF có thiết kế kỹ thuật số với mặt số màu đen và vỏ thép không gỉ màu bạc. Dây đeo bằng thép không gỉ màu bạc, phù hợp với phong cách cổ điển và hiện đại. Đồng hồ tích hợp các tính năng như đèn nền LED, báo thức, đồng hồ bấm giờ, và hiển thị giờ, phút, giây. Đây là lựa chọn lý tưởng cho những ai yêu thích sự tiện dụng và phong cách thanh lịch.', 'Unisex', 100, 'A168WA-1WDF', 'Quartz (Máy pin - điện tử)', '38.6 mm x 36.9 mm', 'Nhật Bản', 'Thép không gỉ 316L mạ vàng công nghệ PVD', '50m', 'Nhựa', 'Kinh Nhựa', 'Trắng', 'Hiện đại', 'Mặt vuông', '2024-08-06 07:21:02', '13'),
('124', 'Đồng hồ unisex Casio General', 'ĐỒNG HỒ CASIO A168WGG-1BDF', 2117000, 1693000, '124.webp', 'Đồng hồ Casio A168WGG-1BDF có thiết kế kỹ thuật số với mặt số màu đen và vỏ thép không gỉ màu vàng. Dây đeo bằng thép không gỉ màu vàng, tạo nên vẻ sang trọng và nổi bật. Đồng hồ cung cấp các tính năng bao gồm đèn nền LED, báo thức, đồng hồ bấm giờ và hiển thị giờ, phút, giây. Đây là lựa chọn tuyệt vời cho những ai yêu thích thiết kế retro với màu vàng lấp lánh và các chức năng kỹ thuật số tiện ích.', 'Unisex', 100, 'A168WGG-1BDF', 'Quartz (Máy pin - điện tử)', '38.6 mm x36.3 mm', 'Nhật Bản', 'Thép không gỉ mạ công nghệ PVD', '30m', 'Nhựa', 'Kinh Nhựa', 'Đen', 'Hiện đại', 'Mặt vuông', '2024-08-06 07:27:26', '13'),
('125', 'Đồng hồ unisex Casio Genera', 'ĐỒNG HỒ CASIO A168WEGB-1BDF', 2809000, 2257000, '125.webp', 'Đồng hồ Casio A168WEGB-1BDF có thiết kế kỹ thuật số với mặt số màu đen và vỏ thép không gỉ màu vàng. Dây đeo bằng thép không gỉ màu vàng với lớp hoàn thiện bóng, tạo nên vẻ sang trọng và thanh lịch. Đồng hồ tích hợp các tính năng như đèn nền LED, báo thức, đồng hồ bấm giờ và hiển thị giờ, phút, giây. Đây là lựa chọn lý tưởng cho những ai yêu thích phong cách retro với chi tiết màu vàng nổi bật và tính năng kỹ thuật số tiện dụng.', 'Unisex', 100, 'A168WGG-1BDF', 'Quartz (Máy pin - điện tử)', '38.6 x 36.3 mm', 'Nhật Bản', 'Thép không gỉ mạ công nghệ PVD', '30m', 'Nhựa', 'Kinh Nhựa', 'Đen', 'Hiện đại', 'Mặt vuông', '2024-08-06 07:29:33', '13'),
('126', 'Đồng hồ nam Casio General', 'ĐỒNG HỒ NAM CASIO MOONPHASE MTP-M105D-7AVDF', 3925000, 2636000, '126.webp', 'Đồng hồ Casio Moonphase MTP-M105D-7AVDF có thiết kế nam tính với mặt số màu trắng và vỏ thép không gỉ. Dây đeo bằng thép không gỉ màu bạc, mang đến vẻ sang trọng và bền bỉ. Đồng hồ nổi bật với chức năng moonphase (chỉ số mặt trăng), hiển thị giờ, phút, giây và ngày. Đây là lựa chọn lý tưởng cho những ai yêu thích sự kết hợp giữa chức năng hữu ích và phong cách cổ điển.', 'Nam', 100, 'MTP-M105D-7AVDF', 'Quartz (Máy pin - điện tử)', '45.5mm - 33mm', 'Nhật Bản', 'Thép không gỉ 316L', '50m', 'Thép không gỉ 316L', 'Mặt kính cứng', 'Trắng', 'Hiện đại', 'Mặt chữ nhật', '2024-08-06 07:31:53', '13'),
('127', 'Đồng hồ nam Casio General', 'ĐỒNG HỒ NAM CASIO MOON PHASE MTP-M305D-4AVDF', 3767000, 3013000, '127.webp', 'Đồng hồ Casio Moon Phase MTP-M305D-4AVDF có thiết kế nam tính với mặt số màu đỏ và vỏ thép không gỉ màu bạc. Dây đeo bằng thép không gỉ, tạo nên vẻ ngoài sang trọng và bền bỉ. Đồng hồ nổi bật với chức năng moonphase (chỉ số mặt trăng), hiển thị giờ, phút, giây và ngày. Đây là lựa chọn hoàn hảo cho những ai yêu thích thiết kế nổi bật và chức năng tiện ích.', 'Nam', 100, 'MTP-M305D-4AVDF', 'Quartz (Máy pin - điện tử)', '44.5mm - 34mm', 'Nhật Bản', 'Thép không gỉ 316L', '50m', 'Thép không gỉ 316L', 'Mặt kính cứng', 'Đỏ', 'Hiện đại', 'Mặt chữ nhật', '2024-08-06 07:35:34', '13'),
('128', 'Đồng hồ nam Casio G-Shock', 'ĐỒNG HỒ NAM CASIO G-SHOCK GA-100A-9ADR', 4359000, 3487000, '128.webp', 'Đồng hồ Casio G-Shock GA-100A-9ADR có thiết kế thể thao mạnh mẽ với mặt số màu vàng và vỏ nhựa bền bỉ. Dây đeo bằng nhựa màu đen với các chi tiết màu vàng, tạo nên phong cách nổi bật và cá tính. Đồng hồ được trang bị các tính năng như chống sốc, đồng hồ bấm giờ, báo thức, đèn nền LED, và khả năng chống nước. Đây là lựa chọn lý tưởng cho những ai yêu thích sự bền bỉ và tính năng đa dạng trong một thiết kế thể thao.', 'Nam', 100, 'GA-100A-9ADR', 'Quartz (Máy pin - điện tử)', '44.5mm - 34mm', 'Nhật Bản', 'Nhựa', '200m', 'Nhựa', 'Mặt kính cứng', 'Đen', 'Thể thao', 'Mặt tròn', '2024-08-06 07:38:05', '13'),
('129', 'Đồng hồ nữ Casio G-Shock', 'ĐỒNG HỒ NỮ CASIO G-SHOCK GMA-S2100MD-7ADR\r\n', 4491000, 3592000, '129.webp', 'Đồng hồ nữ Casio G-Shock GMA-S2100MD-7ADR sở hữu thiết kế hiện đại với mặt số trắng tinh tế và vỏ nhựa bền bỉ cùng dây đeo nhựa đồng màu. Vẻ ngoài trẻ trung và sang trọng của đồng hồ được kết hợp với các tính năng chống sốc, chống nước, đèn nền LED và đồng hồ bấm giờ. Đây là sự lựa chọn lý tưởng cho phái đẹp yêu thích sự kết hợp giữa phong cách hiện đại và tính năng bền bỉ.', 'Nữ', 100, 'GMA-S2100MD-7ADR', 'Quartz (Máy pin - điện tử)', '42.9mm', 'Nhật Bản', 'Nhựa', '200m', 'Nhựa', 'Mặt kính cứng', 'Hồng', 'Thể thao', 'Mặt tròn', '2024-08-06 07:43:54', '13'),
('13', 'Đồng hồ nam Tissot PRX', 'ĐỒNG HỒ NAM TISSOT PRX POWERMATIC 80 T137.407.11.351.00', 21800000, 18900000, '13.webp', 'Đồng hồ nam Tissot PRX Powermatic 80 T137.407.11.351.00 là một mẫu đồng hồ thể thao với thiết kế tinh tế và hiện đại. Với vỏ thép không gỉ và mặt số màu đen, đồng hồ này kết hợp giữa phong cách cổ điển và tính năng mạnh mẽ. Được trang bị cơ chế Powermatic 80, nó cung cấp lên đến 80 giờ dự trữ năng lượng, đảm bảo độ chính xác và độ bền cao. Các chỉ số giờ và kim được thiết kế rõ ràng, cùng với dây đeo bằng thép không gỉ, tạo nên vẻ ngoài mạnh mẽ nhưng vẫn thanh lịch. Tissot PRX Powermatic 80 không chỉ là một phụ kiện thời trang mà còn là biểu tượng của sự đổi mới và sự tin cậy trong thiết kế đồng hồ.', 'Nam', 100, 'T137.407.11.351.00', 'Automatic (Máy cơ tự động)', '40mm', 'Thụy Sỹ', 'Thép không gỉ 316L', '100m', 'Thép không gỉ 316L', 'Sapphire', 'Xanh lam', 'Hiện đại', 'Mặt tròn', '2024-08-05 10:37:50', '2'),
('130', 'Đồng hồ nữ Casio General', 'ĐỒNG HỒ NỮ CASIO MDV-10D-1A3VD', 3015000, 2412000, '130.webp', 'Đồng hồ nữ Casio MDV-10D-1A3VD có thiết kế thanh lịch với mặt số đen và kim chỉ nổi bật. Vỏ thép không gỉ và dây đeo kim loại mang lại vẻ ngoài sang trọng và độ bền cao. Đồng hồ được trang bị chức năng chống nước sâu 200m, kính khoáng chống trầy xước và lịch ngày, là sự lựa chọn tuyệt vời cho những ai tìm kiếm một mẫu đồng hồ vừa thời trang vừa chức năng.', 'Nữ', 100, 'MDV-10D-1A3VDF', 'Quartz (Máy pin - điện tử)', '38.5mm', 'Nhật Bản', 'Thép không gỉ 316L', '50m', 'Thép không gỉ 316L', 'Mặt kính cứng', 'Đen', 'Thể thao', 'Mặt tròn', '2024-08-06 07:45:58', '13'),
('131', 'Đồng hồ nữ Olym Pianus', 'ĐỒNG HỒ NỮ OLYM PIANUS OP990-45DDLS-GL-D', 7210000, 6489000, '131.webp', 'Đồng hồ nữ Olym Pianus OP990-45DDLS-GL-D mang đến vẻ đẹp tinh tế với mặt số trắng sang trọng và các chi tiết kim cương lấp lánh. Vỏ thép không gỉ và dây đeo da cao cấp tạo sự kết hợp hoàn hảo giữa sự thanh lịch và độ bền. Đồng hồ có tính năng chống nước và lịch ngày, là lựa chọn lý tưởng cho những ai yêu thích sự sang trọng và tinh tế trong từng chi tiết.', 'Nữ', 100, 'MDV-10D-1A3VDF', 'Quartz (Máy pin - điện tử)', '38.5mm', 'Thụy Sỹ', 'Dây cao su', '50m', 'Thép không gỉ 316L', 'Mặt kính cứng', 'Đen', 'Sang trọng', 'Mặt tròn', '2024-08-06 07:50:31', '14'),
('132', 'Đồng hồ nữ Olym Pianus', 'ĐỒNG HỒ NỮ OLYM PIANUS OP990-45DDLS-GL-T', 7210000, 6489000, '132.webp', 'Đồng hồ nữ Olym Pianus OP990-45DDLS-GL-T sở hữu thiết kế thanh lịch với mặt số trắng tinh khôi và các chi tiết trang trí tinh xảo. Vỏ thép không gỉ kết hợp với dây đeo da cao cấp mang đến vẻ ngoài sang trọng và sự thoải mái khi đeo. Đồng hồ cũng được trang bị tính năng chống nước và lịch ngày, làm nổi bật sự tinh tế và độ bền của sản phẩm.', 'Nữ', 100, 'OP990-45DDLS-GL-T', 'Quartz (Máy pin - điện tử)', '38.5mm', 'Thụy Sỹ', 'Dây cao su', '50m', 'Thép không gỉ 316L', 'Mặt kính cứng', 'Trắng', 'Sang trọng', 'Mặt tròn', '2024-08-06 07:53:02', '14'),
('133', 'Đồng hồ nữ Olym Pianus', 'ĐỒNG HỒ NỮ OLYM PIANUS OP990-45DDLS-GL-X', 7210000, 6489000, '133.webp', 'Đồng hồ nữ Olym Pianus OP990-45DDLS-GL-X kết hợp thiết kế thanh lịch với mặt số trắng tinh khôi và chi tiết kim cương lấp lánh. Vỏ thép không gỉ và dây đeo da cao cấp mang đến sự sang trọng và độ bền. Đồng hồ còn tích hợp tính năng chống nước và lịch ngày, là sự lựa chọn hoàn hảo cho những ai yêu thích sự thanh thoát và phong cách tinh tế.', 'Nữ', 100, 'OP990-45DDLS-GL-X', 'Quartz (Máy pin - điện tử)', '34mm', 'Thụy Sỹ', 'Dây cao su', '50m', 'Thép không gỉ 316L', 'Sapphire', 'Xanh lam', 'Sang trọng', 'Mặt tròn', '2024-08-06 07:54:55', '14'),
('134', 'Đồng hồ nam Olym Pianus', 'ĐỒNG HỒ OLYM PIANUS TAMBOUR STREET DIVER OP89025GS-GL-DV', 5310000, 4779000, '134.webp', 'Đồng hồ Olym Pianus Tambour Street Diver OP89025GS-GL-DV nổi bật với thiết kế thể thao và hiện đại. Mặt số màu đen kết hợp với vỏ thép không gỉ và dây đeo cao su tạo nên vẻ ngoài mạnh mẽ và bền bỉ. Đồng hồ được trang bị tính năng chống nước, đèn nền và đồng hồ bấm giờ, phù hợp cho các hoạt động thể thao và dã ngoại.', 'Nam', 100, 'OP89025GS-GL-DV', 'Quartz (Máy pin - điện tử)', '44mm', 'Thụy Sỹ', 'Thép không gỉ 316L', '50m', 'Cao su', 'Sapphire', 'Xanh lam', 'Sang trọng', 'Mặt tròn', '2024-08-06 07:57:16', '14'),
('135', 'Đồng hồ nam Olym Pianus', 'ĐỒNG HỒ OLYM PIANUS CLASSIC FUSION OP990-45ADGSR-T', 9210000, 8289000, '135.webp', 'Đồng hồ Olym Pianus Classic Fusion OP990-45ADGSR-T có thiết kế tinh tế với mặt số màu xanh đậm và vỏ thép không gỉ. Dây đeo bằng da màu nâu tạo điểm nhấn cổ điển và sang trọng. Đồng hồ nổi bật với khả năng chống nước và kiểu dáng thanh lịch, phù hợp cho cả những dịp trang trọng lẫn hàng ngày.', 'Nam', 100, 'OP990-45ADGSR-T', 'Automatic (Máy cơ tự động)', '42mm', 'Thụy Sỹ', 'Thép không gỉ 316L', '50m', 'Thép không gỉ mạ vàng công nghệ PVD', 'Sapphire', 'Trắng', 'Sang trọng', 'Mặt tròn', '2024-08-06 08:00:44', '14'),
('136', 'Đồng hồ nam Olym Pianus', 'ĐỒNG HỒ OLYM PIANUS SPORTMASTER DATEJUST OP89322.VTAGS-XL-CV (KIM VUÔNG)', 5400000, 4860000, '136.webp', 'Đồng hồ Olym Pianus Sportmaster Datejust OP89322.VTAGS-XL-CV với kim vuông mang đến vẻ ngoài mạnh mẽ và hiện đại. Mặt số có thiết kế nổi bật với các chỉ số và kim số được làm nổi bật, kết hợp với vỏ thép không gỉ và dây đeo da hoặc kim loại, tạo nên phong cách thể thao sang trọng. Đồng hồ cũng được trang bị tính năng chống nước và lịch ngày, phù hợp cho người yêu thích sự kết hợp giữa chức năng và thời trang.', 'Nam', 100, 'OP89322.VTAGS-XL-CV', 'Automatic (Máy cơ tự động)', '40mm', 'Thụy Sỹ', 'Thép không gỉ 316L', '30m', 'Thép không gỉ 316L', 'Sapphire', 'Xanh Lá', 'Hiện đại', 'Mặt tròn', '2024-08-06 08:03:29', '14'),
('137', 'Đồng hồ nam Olym Pianus', 'ĐỒNG HỒ OLYM PIANUS SPORTMASTER DATEJUST OP89322.VTAGS-X (KIM VUÔNG)', 5400000, 4860000, '137.webp', 'Đồng hồ Olym Pianus Sportmaster Datejust OP89322.VTAGS-X với kim vuông kết hợp thiết kế thể thao và hiện đại. Đặc trưng với mặt số rõ ràng, vỏ thép không gỉ bền bỉ và dây đeo da hoặc kim loại. Được trang bị tính năng chống nước và lịch ngày, đồng hồ này là lựa chọn lý tưởng cho người yêu thích sự kết hợp giữa chức năng và phong cách.', 'Nam', 100, 'OP89322.VTAGS-X', 'Automatic (Máy cơ tự động)', '40mm', 'Thụy Sỹ', 'Thép không gỉ 316L', '30m', 'Thép không gỉ 316L', 'Sapphire', 'Xanh lam', 'Sang trọng', 'Mặt tròn', '2024-08-06 08:05:49', '14'),
('138', 'Đồng hồ nam Olym Pianus', 'ĐỒNG HỒ OLYM PIANUS SPORTMASTER DATEJUST OP89322GSR-N', 4280000, 3852000, '138.webp', 'Đồng hồ Olym Pianus Sportmaster Datejust OP89322GSR-N nổi bật với thiết kế thể thao và tinh tế. Mặt số rõ ràng, vỏ thép không gỉ với lớp phủ vàng hoặc bạc, và dây đeo kim loại bền bỉ. Đồng hồ cũng được trang bị tính năng chống nước và lịch ngày, là sự lựa chọn hoàn hảo cho những ai yêu thích sự kết hợp giữa phong cách và chức năng.', 'Nam', 100, 'OP89322GSR-N', 'Quartz (Máy pin - điện tử)', '40mm', 'Thụy Sỹ', 'Thép không gỉ 316L mạ vàng công nghệ PVD', '30m', 'Thép không gỉ mạ vàng công nghệ PVD', 'Sapphire', 'Nâu', 'Hiện đại', 'Mặt tròn', '2024-08-06 08:08:13', '14'),
('139', 'Đồng hồ nữ Olym Pianus', 'ĐỒNG HỒ OLYM PIANUS SPORTMASTER DATEJUST OP89322GSR-N', 2890000, 2601000, '139.webp', 'Đồng hồ Olym Pianus OP5709LS-GL-T có thiết kế sang trọng với mặt số lớn và kim chỉ giờ được phủ ánh sáng. Vỏ đồng hồ làm từ thép không gỉ và dây đeo da cao cấp tạo nên sự kết hợp hoàn hảo giữa phong cách và sự thoải mái. Mặt số có chi tiết rõ ràng, dễ đọc, và đồng hồ được trang bị tính năng chống nước, là lựa chọn lý tưởng cho những ai yêu thích sự tinh tế và chức năng.', 'Nữ', 100, 'OP5709LS-GL-T', 'Quartz (Máy pin - điện tử)', '30mm', 'Thụy Sỹ', 'Dây da', '30m', 'Thép không gỉ 316L', 'Sapphire', 'Trắng', 'Sang trọng', 'Mặt tròn', '2024-08-06 08:11:55', '14'),
('14', 'Đồng hồ nam Tissot PRX', 'TISSOT PRX POWERMATIC 80 T137.407.11.041.00', 21000000, 18900000, '14.webp', 'Đồng hồ Tissot PRX Powermatic 80 T137.407.11.041.00 nổi bật với thiết kế hiện đại và thanh lịch. Với vỏ thép không gỉ và mặt số màu xanh dương, đồng hồ này kết hợp sự tinh tế với tính năng tiên tiến. Trang bị cơ chế Powermatic 80, đồng hồ cung cấp đến 80 giờ dự trữ năng lượng, đảm bảo độ chính xác và độ bền cao. Các chỉ số giờ và kim được thiết kế rõ ràng, cùng với dây đeo bằng thép không gỉ, tạo nên vẻ ngoài sang trọng và phong cách. Tissot PRX Powermatic 80 không chỉ là một phụ kiện thời trang mà còn là biểu tượng của sự đổi mới và sự tin cậy trong thiết kế đồng hồ.', 'Nam', 100, 'T137.407.11.041.00', 'Automatic (Máy cơ tự động)', '40mm', 'Thụy Sỹ', 'Thép không gỉ 316L', '100m', 'Thép không gỉ 316L', 'Sapphire', 'Xanh lam', 'Hiện đại', 'Mặt tròn', '2024-08-05 10:39:48', '2'),
('140', 'Đồng hồ nam Olym Pianus', 'ĐỒNG HỒ OLYM PIANUS SPORTMASTER DATEJUST GRANDE OP89322.VTAGK-V KIM VUÔNG', 6000000, 5400000, '140.webp', 'Đồng hồ Olym Pianus Sportmaster Datejust Grande OP89322.VTAGK-V có thiết kế thể thao và mạnh mẽ với mặt số lớn và kim vuông đặc trưng. Vỏ đồng hồ được làm từ chất liệu cao cấp, có thể là thép không gỉ hoặc vật liệu bền bỉ khác, và dây đeo có thể được làm từ da hoặc kim loại, tùy thuộc vào phiên bản cụ thể. Đồng hồ được trang bị các tính năng như chống nước, hiển thị ngày tháng và khả năng chống va đập, mang đến sự kết hợp hoàn hảo giữa phong cách và chức năng.', 'Nam', 100, 'OP89322.VTAGK-V', 'Automatic (Máy cơ tự động)', '40mm', 'Thụy Sỹ', 'Thép không gỉ 316L mạ vàng công nghệ PVD', '30m', 'Thép không gỉ mạ vàng công nghệ PVD', 'Sapphire', 'Vàng', 'Sang trọng', 'Mặt tròn', '2024-08-06 08:13:47', '14'),
('141', 'Đồng hồ nữ Calvin Klein', 'ĐỒNG HỒ NỮ CALVIN KLEIN MINIMALISTIC T BAR 25200135', 5280000, 4752000, '141.webp', 'Đồng hồ nữ Calvin Klein Minimalistic T Bar 25200135 có thiết kế thanh lịch và hiện đại với mặt số tối giản và dây đeo tinh tế. Vỏ đồng hồ thường được làm từ thép không gỉ hoặc vật liệu cao cấp khác, và dây đeo có thể là da hoặc kim loại, tùy thuộc vào phiên bản cụ thể. Đồng hồ nổi bật với thiết kế \"T Bar\" đặc trưng, mang lại vẻ đẹp tinh tế và sang trọng, phù hợp cho nhiều dịp khác nhau.', 'Nữ', 100, '25200135', 'Quartz (Máy pin - điện tử)', '36mm', 'Mỹ', 'Thép không gỉ 316L mạ vàng công nghệ PVD', '30m', 'Thép không gỉ mạ vàng công nghệ PVD', 'Mặt kính cứng', 'Xám', 'Thời trang', 'Mặt tròn', '2024-08-06 08:16:25', '15'),
('142', 'Đồng hồ nữ Calvin Klein', 'ĐỒNG HỒ NỮ CALVIN KLEIN MINIMALISTIC T BAR 25200134', 5280000, 4752000, '142.webp', 'Đồng hồ nữ Calvin Klein Minimalistic T Bar 25200134 có thiết kế tối giản với mặt số tinh tế và dây đeo thanh mảnh. Vỏ đồng hồ thường được làm từ thép không gỉ hoặc vật liệu cao cấp khác, mang lại vẻ ngoài sang trọng. Dây đeo có thể là da hoặc kim loại, tùy thuộc vào phiên bản. Thiết kế \"T Bar\" của đồng hồ tạo sự tinh tế và thanh thoát, phù hợp cho nhiều phong cách và dịp khác nhau.', 'Nữ', 100, '25200134', 'Quartz (Máy pin - điện tử)', '36mm', 'Mỹ', 'Thép không gỉ 316L mạ vàng công nghệ PVD', '30m', 'Thép không gỉ mạ vàng công nghệ PVD', 'Mặt kính cứng', 'Xám', 'Thời trang', 'Mặt tròn', '2024-08-06 08:18:16', '15'),
('143', 'Đồng hồ nữ Calvin Klein', 'ĐỒNG HỒ NỮ CALVIN KLEIN MINIMALISTIC T BAR 25200084', 4690000, 4221000, '143.webp', 'Đồng hồ nữ Calvin Klein Minimalistic T Bar 25200084 sở hữu thiết kế thanh lịch với mặt số đơn giản và dây đeo mảnh. Vỏ đồng hồ thường được chế tác từ thép không gỉ hoặc vật liệu cao cấp khác, kết hợp với dây đeo da hoặc kim loại để tạo nên vẻ ngoài sang trọng và hiện đại. Mẫu đồng hồ này phù hợp cho những ai yêu thích sự tinh tế và không cầu kỳ trong thiết kế.', 'Nữ', 100, '25200084', 'Quartz (Máy pin - điện tử)', '36mm', 'Mỹ', 'Thép không gỉ 316L dạng lưới', '30m', 'Thép không gỉ mạ công nghệ PVD', 'Mặt kính cứng', 'Đen', 'Thời trang', 'Mặt tròn', '2024-08-06 08:20:41', '15'),
('144', 'Đồng hồ nam Calvin Klein', 'ĐỒNG HỒ NAM CALVIN KLEIN MODERN 25200045', 4100000, 3690000, '144.webp', 'Đồng hồ nam Calvin Klein Modern 25200045 mang đến phong cách tối giản và hiện đại. Với thiết kế mặt số sạch sẽ và dây đeo bằng da hoặc kim loại, mẫu đồng hồ này thường được chế tác từ vật liệu cao cấp như thép không gỉ để đảm bảo độ bền và sang trọng. Đồng hồ này thích hợp cho những ai yêu thích vẻ đẹp tinh tế và thanh lịch trong phong cách thời trang.', 'Nữ', 100, '25200045', 'Quartz (Máy pin - điện tử)', '42mm', 'Mỹ', 'Thép không gỉ 316L dạng lưới', '30m', 'Thép không gỉ 316L', 'Mặt kính cứng', 'Xanh lam', 'Hiện đại', 'Mặt tròn', '2024-08-06 08:23:14', '15'),
('145', 'Đồng hồ nữ Calvin Klein', 'ĐỒNG HỒ NỮ CALVIN KLEIN LINKED 25200131', 4990000, 4491000, '145.webp', 'Đồng hồ nữ Calvin Klein Linked 25200131 sở hữu thiết kế thanh lịch và hiện đại. Mẫu đồng hồ này thường có mặt số đơn giản với các chỉ số rõ ràng, kết hợp cùng dây đeo kim loại hoặc da tinh tế. Với phong cách tối giản và chất lượng chế tác cao, nó là sự lựa chọn hoàn hảo cho những ai yêu thích sự thanh thoát và sang trọng.', 'Nữ', 100, '25200131', 'Quartz (Máy pin - điện tử)', '32mm', 'Mỹ', 'Thép không gỉ 316L mạ vàng công nghệ PVD', '30m', 'Thép không gỉ mạ vàng công nghệ PVD', 'Mặt kính cứng', 'Hồng', 'Thời trang', 'Mặt tròn', '2024-08-06 08:25:38', '15'),
('146', 'Đồng hồ nữ Calvin Klein', 'ĐỒNG HỒ CALVIN KLEIN STATELY K3G23121', 6950000, 4685000, '146.webp', 'Đồng hồ Calvin Klein Stately K3G23121 có thiết kế sang trọng với mặt số đơn giản và thanh lịch. Mẫu đồng hồ này thường có vỏ kim loại mảnh mai, mặt số sạch sẽ với chỉ số rõ ràng và dây đeo da hoặc kim loại, mang đến vẻ ngoài thanh thoát và hiện đại. Đây là một lựa chọn tuyệt vời cho những ai yêu thích sự tinh tế và phong cách cổ điển trong đồng hồ.', 'Nữ', 100, 'K3G23121', 'Quartz (Máy pin - điện tử)', '32mm', 'Mỹ', 'Thép không gỉ 316L', '30m', 'Thép không gỉ 316L', 'Mặt kính cứng', 'Đen', 'Thời trang', 'Mặt tròn', '2024-08-06 08:27:40', '15'),
('147', 'Đồng hồ nữ Calvin Klein', 'ĐỒNG HỒ CALVIN KLEIN K2G23546', 8350000, 5845000, '147.webp', 'Đồng hồ Calvin Klein K2G23546 có thiết kế hiện đại và tinh tế với mặt số đơn giản, rõ ràng. Mẫu đồng hồ này thường đi kèm với vỏ kim loại sáng bóng và dây đeo da hoặc kim loại phù hợp với phong cách sang trọng và thanh lịch. Đây là sự lựa chọn lý tưởng cho những ai yêu thích sự thanh thoát và phong cách trong đồng hồ.', 'Nữ', 100, 'K2G23546', 'Quartz (Máy pin - điện tử)', '31mm', 'Thụy Sỹ', 'Thép không gỉ 316L mạ vàng công nghệ PVD', '30m', 'Thép không gỉ mạ vàng công nghệ PVD', 'Mặt kính cứng', 'Trắng', 'Thời trang', 'Mặt tròn', '2024-08-06 08:32:54', '15'),
('148', 'Đồng hồ nữ Calvin Klein', 'ĐỒNG HỒ CALVIN KLEIN K5N2M121', 8060000, 5642000, '148.webp', 'Đồng hồ Calvin Klein K5N2M121 có thiết kế thanh lịch với mặt số sạch sẽ và dễ đọc. Nó thường được trang bị vỏ kim loại sang trọng và dây đeo chất liệu da hoặc kim loại. Sản phẩm này mang đến phong cách hiện đại và tối giản, phù hợp cho cả trang phục công sở và các dịp đặc biệt.', 'Nữ', 100, 'K5N2M121', 'Quartz (Máy pin - điện tử)', '31mm', 'Thụy Sỹ', 'Thép không gỉ 316L', '30m', 'Thép không gỉ 316L', 'Mặt kính cứng', 'Đen', 'Thời trang', 'Mặt tròn', '2024-08-06 08:36:21', '15'),
('149', 'Đồng hồ nữ Calvin Klein', 'ĐỒNG HỒ CALVIN KLEIN EDGE DAMENUHR K5T33C41', 8190000, 5733000, '149.webp', 'Đồng hồ Calvin Klein Edge Damenuhr K5T33C41 có thiết kế hiện đại và tinh tế. Với mặt số đơn giản và thanh lịch, nó thường đi kèm với dây đeo bằng da hoặc kim loại, tạo nên vẻ ngoài thanh thoát và sang trọng. Đây là một lựa chọn lý tưởng cho những ai yêu thích sự kết hợp giữa phong cách hiện đại và sự tiện nghi.', 'Nữ', 100, 'K5T33C41', 'Quartz (Máy pin - điện tử)', '30mm', 'Thụy Sỹ', 'Thép không gỉ 316L', '30m', 'Thép không gỉ 316L', 'Mặt kính cứng', 'Đen', 'Thời trang', 'Mặt tròn', '2024-08-06 08:38:52', '15'),
('15', 'Đồng hồ nữ Tissot T-Lady', 'ĐỒNG HỒ NỮ TISSOT LOVELY ROUND T140.009.33.111.00', 12600000, 11340000, '15.webp', 'Đồng hồ nữ Tissot Lovely Round T140.009.33.111.00 nổi bật với thiết kế thanh lịch và nữ tính. Với vỏ thép không gỉ và mặt số màu bạc sáng, đồng hồ này mang đến vẻ đẹp tinh tế và sang trọng. Các chỉ số giờ được thiết kế rõ ràng và tinh xảo, cùng với dây đeo bằng da cao cấp, tạo nên một phụ kiện thời trang hoàn hảo cho các dịp trang trọng. Tissot Lovely Round không chỉ là một đồng hồ chính xác mà còn là biểu tượng của sự thanh lịch và phong cách.', 'Nữ', 100, 'T140.009.33.111.00', 'Quartz (Máy pin - điện tử)', '19.5mm', 'Thụy Sỹ', 'Thép không gỉ 316L mạ vàng công nghệ PVD', '30m', 'Thép không gỉ mạ vàng công nghệ PVD', 'Sapphire', 'Trắng', 'Thời trang', 'Mặt tròn', '2024-08-05 10:43:02', '2'),
('150', 'Đồng hồ nữ Calvin Klein', 'ĐỒNG HỒ CALVIN KLEIN EXQUISITE K1Y23120', 8890000, 6223000, '150.webp', 'Đồng hồ Calvin Klein Exquisite K1Y23120 sở hữu thiết kế thanh lịch và tinh tế với mặt số đơn giản, dễ đọc. Sản phẩm thường có vỏ bằng thép không gỉ và dây đeo bằng da hoặc kim loại, tạo nên vẻ ngoài sang trọng và hiện đại. Đây là một sự lựa chọn tuyệt vời cho những ai yêu thích sự thanh thoát và phong cách tối giản.', 'Nữ', 100, 'K1Y23120', 'Quartz (Máy pin - điện tử)', '19mm', 'Thụy Sỹ', 'Thép không gỉ 316L dạng lắc', '30m', 'Thép không gỉ 316L', 'Mặt kính cứng', 'Trắng', 'Thời trang', 'Mặt tròn', '2024-08-06 08:41:34', '15'),
('151', 'Đồng hồ unisex Daniel Wellington', 'ĐỒNG HỒ DANIEL WELLINGTON DW00100698', 5030000, 4275000, '151.webp', 'Đồng hồ Daniel Wellington DW00100698 nổi bật với thiết kế thanh lịch và tinh tế. Với mặt số tối giản và vỏ bằng thép không gỉ, mẫu đồng hồ này thường đi kèm với dây đeo da hoặc dây đeo NATO, tạo sự linh hoạt và phong cách cá nhân hóa. Đây là một lựa chọn tuyệt vời cho những ai yêu thích sự đơn giản nhưng sang trọng.', 'Unisex', 100, 'DW00100698', 'Quartz (Máy pin - điện tử)', '19mm', 'Thụy Sỹ', 'Dây da', '30m', 'Thép không gỉ 316L/mạ vàng hồng công nghệ PVD', 'Mặt kính cứng', 'Trắng', 'Sang trọng', 'Mặt chữ nhật', '2024-08-06 08:45:34', '16'),
('152', 'Đồng hồ nữ Daniel Wellington', 'DANIEL WELLINGTON PETITE MELROSE PEARL DW00100516', 5280000, 4488000, '152.webp', 'Đồng hồ Daniel Wellington Petite Melrose Pearl DW00100516 mang đến vẻ đẹp thanh lịch với mặt số màu ngọc trai và vỏ mạ vàng hồng. Dây đeo mảnh mai làm từ thép không gỉ mạ vàng hồng hoàn thiện thiết kế tinh tế của đồng hồ. Đây là một lựa chọn hoàn hảo cho những ai yêu thích sự sang trọng và nữ tính trong phong cách.', 'Nữ', 100, 'DW00100516', 'Quartz (Máy pin - điện tử)', '32mm', 'Thuỵ Điển', 'Thép không gỉ 316L dạng lưới', '30m', 'Thép không gỉ 316L', 'Mặt kính cứng', 'Khảm trai', 'Thời trang', 'Mặt tròn', '2024-08-06 08:51:10', '16'),
('153', 'Đồng hồ nữ Daniel Wellington', 'ĐỒNG HỒ NỮ DANIEL WELLINGTON QUADRO LUMINE PRESSED PIANO DW00100579', 6360000, 5406000, '153.webp', 'Đồng hồ Daniel Wellington Quadro Lumine Pressed Piano DW00100579 nổi bật với thiết kế mặt số hình chữ nhật sang trọng và lớp hoàn thiện piano đen. Vỏ thép không gỉ mạ bạc sáng bóng kết hợp với dây đeo da đen, tạo nên sự thanh lịch và hiện đại. Đồng hồ này là sự lựa chọn lý tưởng cho phong cách tinh tế và quý phái.', 'Nữ', 100, 'DW00100579', 'Quartz (Máy pin - điện tử)', '20mm - 26mm', 'Thuỵ Điển', 'Thép không gỉ 316L mạ vàng công nghệ PVD', '30m', 'Thép không gỉ mạ vàng công nghệ PVD', 'Mặt kính cứng', 'Khảm trai', 'Thời trang', 'Mặt chữ nhật', '2024-08-06 08:53:43', '16'),
('154', 'Đồng hồ nữ Daniel Wellington', 'ĐỒNG HỒ NỮ DANIEL WELLINGTON PETITE LUMINE BEZEL MELROSE PINK MOP DW00100663', 5790000, 5211000, '154.webp', 'Đồng hồ Daniel Wellington Petite Lumine Bezel Melrose Pink MOP DW00100663 mang đến vẻ đẹp nhẹ nhàng và thanh thoát. Với mặt số màu hồng ngọc trai (MOP) và viền bezel mạ vàng hồng, đồng hồ tạo nên sự tinh tế và sang trọng. Dây đeo bằng da màu hồng hoàn thiện vẻ ngoài nữ tính và thanh lịch, phù hợp cho những dịp đặc biệt hoặc hàng ngày.', 'Nữ', 100, 'DW00100663', 'Quartz (Máy pin - điện tử)', '28mm', 'Thuỵ Điển', 'Thép không gỉ 316L dạng lưới', '30m', 'Thép không gỉ mạ vàng công nghệ PVD', 'Mặt kính cứng', 'Khảm trai', 'Thời trang', 'Mặt tròn', '2024-08-06 08:56:18', '16'),
('155', 'Đồng hồ nữ Daniel Wellington Iconic', 'ĐỒNG HỒ NỮ DANIEL WELLINGTON ICONIC LINK DW00100370', 6010000, 5108000, '155.webp', 'Đồng hồ nữ Daniel Wellington Iconic Link DW00100370 nổi bật với thiết kế sang trọng và hiện đại. Với mặt số tối giản và dây đeo bằng thép không gỉ, đồng hồ mang đến sự thanh thoát và tinh tế. Đây là lựa chọn hoàn hảo cho những ai yêu thích sự thanh lịch và phong cách.', 'Nữ', 100, 'DW00100370', 'Quartz (Máy pin - điện tử)', '28mm', 'Thuỵ Điển', 'Thép không gỉ 316L mạ vàng công nghệ PVD', '30m', 'Thép không gỉ mạ vàng công nghệ PVD', 'Mặt kính cứng', 'Hồng', 'Hiện đại', 'Mặt tròn', '2024-08-06 08:58:26', '16'),
('156', 'Đồng hồ nữ Daniel Wellington', 'ĐỒNG HỒ NỮ DANIEL WELLINGTON ELAN LUMINE GOLD DW00100715', 6300000, 5670000, '156.webp', 'Đồng hồ nữ Daniel Wellington Elan Lumine Gold DW00100715 mang đến vẻ đẹp thanh lịch với mặt số vàng ánh sáng và dây đeo bằng thép không gỉ. Thiết kế tối giản và sang trọng, đồng hồ này là lựa chọn hoàn hảo cho những ai yêu thích phong cách tinh tế và đẳng cấp.', 'Nữ', 100, 'DW00100715', 'Quartz (Máy pin - điện tử)', '22mm', 'Thuỵ Điển', 'Thép không gỉ 316L mạ vàng công nghệ PVD', '30m', 'Thép không gỉ mạ vàng công nghệ PVD', 'Mặt kính cứng', 'Trắng', 'Thời trang', 'Mặt tròn', '2024-08-06 09:01:05', '16'),
('157', 'Đồng hồ nam Daniel Wellington', 'ĐỒNG HỒ NAM DANIEL WELLINGTON ICONIC CHRONOGRAPH LINK ARCTIC S DW00100644', 8060000, 6851000, '157.webp', 'Đồng hồ nam Daniel Wellington Iconic Chronograph Link Arctic S DW00100644 kết hợp mặt số màu bạc tinh tế với các chi tiết đồng hồ chronograph và dây đeo bằng thép không gỉ. Thiết kế hiện đại và chất lượng cao, đồng hồ này lý tưởng cho những ai yêu thích sự kết hợp giữa phong cách sang trọng và tính năng đa dạng.', 'Nam', 100, 'DW00100644', 'Quartz Chronograph (Máy pin bấm giờ thể thao)', '42mm', 'Thuỵ Điển', 'Thép không gỉ 316L', '50m', 'Thép không gỉ 316L', 'Mặt kính cứng', 'Xanh lam', 'Thể thao', 'Mặt tròn', '2024-08-06 09:03:35', '16'),
('158', 'Đồng hồ nam Daniel Wellington', 'ĐỒNG HỒ NAM DANIEL WELLINGTON ICONIC CHRONOGRAPH LINK ONYX G DW00100641', 8060000, 6851000, '158.webp', 'Đồng hồ nam Daniel Wellington Iconic Chronograph Link Onyx G DW00100641 nổi bật với mặt số đen thanh lịch và các chi tiết chronograph tinh tế. Dây đeo bằng thép không gỉ với màu vàng hồng, mang đến vẻ ngoài sang trọng và hiện đại, phù hợp cho cả dịp hàng ngày và sự kiện đặc biệt.', 'Nam', 100, 'DW00100641', 'Quartz Chronograph (Máy pin bấm giờ thể thao)', '42mm', 'Thuỵ Điển', 'Thép không gỉ 316L mạ vàng công nghệ PVD', '50m', 'Thép không gỉ mạ vàng công nghệ PVD', 'Mặt kính cứng', 'Đen', 'Thể thao', 'Mặt tròn', '2024-08-06 09:06:09', '16'),
('159', 'Đồng hồ nam Daniel Wellington', 'DANIEL WELLINGTON ICONIC LINK AUTOMATIC DW00100482', 9880000, 8398000, '159.webp', 'Đồng hồ Daniel Wellington Iconic Link Automatic DW00100482 sở hữu thiết kế tinh tế với mặt số màu bạc và cơ chế automatic bền bỉ. Dây đeo bằng thép không gỉ, kết hợp với mặt đồng hồ đơn giản nhưng sang trọng, làm nổi bật vẻ ngoài thanh lịch và hiện đại của sản phẩm.', 'Nam', 100, 'DW00100482', 'Automatic (Máy cơ tự động)', '42mm', 'Thuỵ Điển', 'Thép không gỉ 316L', '100m', 'Thép không gỉ 316L', 'Sapphire', 'Đen', 'Hiện đại', 'Mặt tròn', '2024-08-06 09:08:35', '16'),
('16', 'Đồng hồ nữ Tissot T-Lady', 'ĐỒNG HỒ NỮ TISSOT LOVELY SQUARE FESTIVE KIT T058.109.17.036.02', 11900000, 10710000, '16.webp', 'Đồng hồ nữ Tissot Lovely Square Festive Kit T058.109.17.036.02 nổi bật với thiết kế hiện đại và thanh lịch. Với vỏ thép không gỉ hình vuông và mặt số màu bạc, đồng hồ này mang đến sự sang trọng và phong cách tinh tế. Các chỉ số giờ được thiết kế rõ ràng và dây đeo bằng da cao cấp tạo nên vẻ đẹp hoàn hảo. Đồng hồ còn đi kèm với bộ kit trang trí lễ hội, thêm phần đặc biệt cho các dịp quan trọng. Tissot Lovely Square Festive Kit không chỉ là một phụ kiện thời trang mà còn là biểu tượng của sự đẳng cấp và sự đổi mới trong thiết kế đồng hồ nữ.', 'Nữ', 100, 'T058.109.17.036.02', 'Quartz (Máy pin - điện tử)', '20mm', 'Thụy Sỹ', 'Dây da', '30m', 'Thép không gỉ 316L', 'Sapphire', 'Trắng', 'Thời trang', 'Mặt vuông', '2024-08-05 10:45:22', '2'),
('160', 'Đồng hồ nữ Daniel Wellington', 'DANIEL WELLINGTON QUADRO PRESSED ASHFIELD DW00100433', 4940000, 4199000, '160.webp', 'Đồng hồ Daniel Wellington Quadro Pressed Ashfield DW00100433 mang đến vẻ đẹp thanh lịch với thiết kế hình chữ nhật và mặt số màu bạc. Dây đeo bằng da màu nâu nhạt kết hợp hoàn hảo với mặt đồng hồ, tạo nên một phong cách cổ điển và sang trọng.', 'Nữ', 100, 'DW00100433', 'Quartz (Máy pin - điện tử)', '26mm -20mm', 'Thuỵ Điển', 'Thép không gỉ 316L dạng lưới', '30m', 'Thép không gỉ mạ vàng công nghệ PVD', 'Mặt kính cứng', 'Đen', 'Thời trang', 'Mặt chữ nhật', '2024-08-06 09:11:15', '16');
INSERT INTO `san_pham` (`_id`, `ten_san_pham`, `ten`, `gia_san_pham`, `gia_giam`, `hinh_anh`, `mo_ta`, `gioi_tinh`, `so_luong`, `ma_san_pham`, `loai_may`, `duong_kinh`, `xuat_xu`, `chat_lieu_day`, `do_chiu_nuoc`, `chat_lieu_vo`, `mat_kinh`, `mau_mat`, `phong_cach`, `kieu_dang`, `createdAt`, `id_danh_muc`) VALUES
('161', 'Đồng hồ nam FOSSIL', 'ĐỒNG HỒ NAM FOSSIL EVERETT FS6037', 5160000, 4644000, '161.webp', 'Đồng hồ nam Fossil Everett FS6037 có thiết kế mạnh mẽ với mặt số lớn và các chỉ số dễ đọc. Mặt đồng hồ màu đen với các chi tiết ánh bạc và dây đeo bằng da nâu, tạo nên một vẻ ngoài cổ điển và nam tính. Đồng hồ này cũng trang bị chức năng chronograph, giúp theo dõi thời gian chính xác.', 'Nam', 100, 'FS6037', 'Quartz (Máy pin - điện tử)', '42mm', 'Mỹ', 'Thép không gỉ 316L mạ vàng công nghệ PVD', '50m', 'Thép không gỉ mạ vàng công nghệ PVD', 'Mặt kính cứng', 'Đỏ', 'Sang trọng', 'Mặt tròn', '2024-08-06 09:14:10', '17'),
('162', 'Đồng hồ nữ FOSSIL', 'ĐỒNG HỒ NỮ FOSSIL JACQUELINE ES5316', 5160000, 4644000, '162.webp', 'Đồng hồ nữ Fossil Jacqueline ES5316 có thiết kế thanh lịch với mặt số màu trắng và các cọc số bằng kim loại ánh vàng. Dây đeo bằng da màu nâu tạo điểm nhấn cổ điển cho chiếc đồng hồ. Đây là một lựa chọn hoàn hảo cho những ai yêu thích sự tinh tế và trang nhã trong phong cách đồng hồ của mình.', 'Nữ', 100, 'ES5316', 'Quartz (Máy pin - điện tử)', '36mm', 'Mỹ', 'Thép không gỉ 316L dạng lưới', '30m', 'Thép không gỉ mạ vàng công nghệ PVD', 'Mặt kính cứng', 'Đỏ', 'Thời trang', 'Mặt tròn', '2024-08-06 09:17:06', '17'),
('163', 'Đồng hồ nữ FOSSIL', 'ĐỒNG HỒ NỮ FOSSIL CARLIE ES5161', 3970000, 3573000, '163.webp', 'Đồng hồ nữ Fossil Carlie ES5161 có thiết kế tinh tế với mặt số màu bạc sáng và các cọc số dạng kim loại ánh vàng. Dây đeo bằng da màu nâu hoặc dây kim loại, tạo nên vẻ đẹp thanh lịch và sang trọng. Đồng hồ này không chỉ là phụ kiện thời trang mà còn đảm bảo độ bền và chất lượng cao, phù hợp cho nhiều dịp khác nhau.', 'Nữ', 100, 'ES5161', 'Quartz (Máy pin - điện tử)', '35mm', 'Mỹ', 'Dây da', '50m', 'Thép không gỉ mạ vàng công nghệ PVD', 'Mặt kính cứng', 'Trắng', 'Thời trang', 'Mặt tròn', '2024-08-06 09:21:23', '17'),
('164', 'Đồng hồ nam FOSSIL', 'ĐỒNG HỒ NAM FOSSIL CARRAWAY FS6012', 5160000, 4644000, '164.webp', 'Đồng hồ nam Fossil Carraway FS6012 có mặt số lớn với thiết kế đơn giản nhưng tinh tế. Nó thường có các chi tiết như các vạch số rõ ràng và kim giờ, phút, giây nổi bật. Với dây đeo bằng da hoặc kim loại, đồng hồ này mang đến sự kết hợp hoàn hảo giữa phong cách cổ điển và hiện đại, phù hợp cho nhiều dịp và dễ dàng phối hợp với trang phục hàng ngày.', 'Nam', 100, 'FS6012', 'Quartz (Máy pin - điện tử)', '30mm', 'Mỹ', 'Dây da', '50m', 'Thép không gỉ 316L', 'Mặt kính cứng', 'Vàng', 'Thời trang', 'Mặt chữ nhật', '2024-08-06 09:23:47', '17'),
('165', 'Đồng hồ nữ FOSSIL', 'ĐỒNG HỒ NỮ FOSSIL STELLA AUTOMATIC OPEN HEART ME3211', 5920000, 5328000, '165.webp', 'Đồng hồ nữ Fossil Stella Automatic Open Heart ME3211 nổi bật với thiết kế tinh tế và chức năng mở trái tim tự động. Mặt số trang trí lộ cơ cấu hoạt động bên trong, mang đến vẻ đẹp vừa sang trọng vừa hiện đại. Dây đeo thường là kim loại hoặc da, tạo nên sự kết hợp hoàn hảo giữa phong cách cổ điển và công nghệ hiện đại.', 'Nữ', 100, 'ME3211', 'Automatic (Máy cơ tự động)', '34mm', 'Mỹ', 'Thép không gỉ 316L mạ vàng công nghệ PVD', '50m', 'Thép không gỉ mạ vàng công nghệ PVD', 'Mặt kính cứng', 'Nâu', 'Hiện đại', 'Mặt tròn', '2024-08-06 09:26:28', '17'),
('166', 'Đồng hồ nam FOSSIL', 'ĐỒNG HỒ NAM FOSSIL NEUTRA SKELETON ME3196', 7310000, 6579000, '166.webp', 'Đồng hồ nam Fossil Neutra Skeleton ME3196 nổi bật với thiết kế lộ cơ cấu bên trong, mang đến cái nhìn độc đáo và hiện đại. Mặt số được thiết kế để lộ các chi tiết cơ khí bên trong, kết hợp với dây đeo kim loại hoặc da, tạo nên phong cách nam tính và sang trọng.', 'Nam', 100, 'ME3196', 'Automatic (Máy cơ tự động)', '44mm', 'Mỹ', 'Thép không gỉ 316L mạ vàng công nghệ PVD', '50m', 'Thép không gỉ mạ vàng công nghệ PVD', 'Mặt kính cứng', 'Trắng', 'Hiện đại', 'Mặt tròn', '2024-08-06 09:28:31', '17'),
('167', 'Đồng hồ nam FOSSIL', 'ĐỒNG HỒ NAM FOSSIL NEUTRA SKELETON ME3195', 6750000, 6075000, '167.webp', 'Đồng hồ nam Fossil Neutra Skeleton ME3195 có thiết kế tương tự với ME3196, với mặt số lộ cơ cấu bên trong, tạo nên vẻ ngoài hiện đại và độc đáo. Nó thường có dây đeo kim loại hoặc da, mang lại phong cách nam tính và tinh tế.', 'Nam', 100, 'ME3195', 'Automatic (Máy cơ tự động)', '44mm', 'Mỹ', 'Dây da', '50m', 'Thép không gỉ mạ vàng công nghệ PVD', 'Mặt kính cứng', 'Đen', 'Hiện đại', 'Mặt tròn', '2024-08-06 09:31:17', '17'),
('168', 'Đồng hồ nữ FOSSIL', 'ĐỒNG HỒ NỮ FOSSIL JACQUELINE SUN MOON ES5164', 5160000, 4644000, '168.webp', 'Đồng hồ nữ Fossil Jacqueline Sun Moon ES5164 có thiết kế thanh lịch với mặt số đẹp mắt, bao gồm các chỉ số giờ hình số la mã và các chi tiết mặt trăng và mặt trời, mang lại sự tinh tế và lôi cuốn. Dây đeo thường là kim loại hoặc da, bổ sung thêm vẻ đẹp sang trọng cho sản phẩm.', 'Nữ', 100, 'ES5164', 'Quartz (Máy pin - điện tử)', '36mm', 'Mỹ', 'Thép không gỉ 316L', '30m', 'Thép không gỉ 316L', 'Mặt kính cứng', 'Khảm trai', 'Thời trang', 'Mặt tròn', '2024-08-06 09:33:35', '17'),
('169', 'Đồng hồ nam FOSSIL', 'ĐỒNG HỒ NAM FOSSIL INSCRIPTION FS5934', 4240000, 3816000, '169.webp', 'Đồng hồ nam Fossil Inscription FS5934 có thiết kế hiện đại với mặt số dễ đọc, bao gồm các chỉ số giờ rõ ràng và các chi tiết tinh xảo. Dây đeo bằng da hoặc kim loại mang lại sự thoải mái và phong cách sang trọng cho người đeo. Đồng hồ thường có các chức năng cơ bản như giờ, phút, và giây.', 'Nam', 100, 'FS5934', 'Quartz (Máy pin - điện tử)', '42mm', 'Mỹ', 'Dây da', '50m', 'Thép không gỉ mạ công nghệ PVD', 'Mặt kính cứng', 'Đen', 'Hiện đại', 'Mặt vuông', '2024-08-06 09:35:46', '17'),
('17', 'Đồng hồ nữ Tissot Everytime', 'ĐỒNG HỒ NỮ TISSOT EVERYTIME LADY T143.210.17.331.00', 7700000, 6160000, '17.webp', 'Đồng hồ nữ Tissot Everytime Lady T143.210.17.331.00 nổi bật với thiết kế thanh lịch và đơn giản. Với vỏ thép không gỉ và mặt số màu bạc sáng, đồng hồ này mang đến vẻ đẹp tinh tế và sự thanh thoát. Các chỉ số giờ được thiết kế rõ ràng, kết hợp với dây đeo bằng da màu nâu, tạo nên một phong cách cổ điển và sang trọng. Tissot Everytime Lady là lựa chọn lý tưởng cho những ai yêu thích sự thanh lịch và sự chính xác trong từng chi tiết.', 'Nữ', 100, 'T143.210.17.331.00', 'Quartz (Máy pin - điện tử)', '34mm', 'Thụy Sỹ', 'Dây da', '50m', 'Thép không gỉ 316L', 'Sapphire', 'Hồng', 'Hiện đại', 'Mặt tròn', '2024-08-05 10:48:01', '2'),
('170', 'Đồng hồ nam FOSSIL', 'ĐỒNG HỒ NAM FOSSIL COACHMAN CHRONOGRAPH CH2565', 4860000, 4374000, '170.webp', 'Đồng hồ nam Fossil Coachman Chronograph CH2565 có thiết kế thể thao và thanh lịch với mặt số lớn và các chức năng chronograph. Đồng hồ thường được trang bị các nút bấm để đo thời gian chính xác, cùng với mặt số có các chỉ số và vạch phân chia rõ ràng. Dây đeo bằng da hoặc kim loại mang lại sự thoải mái và độ bền cao.', 'Nam', 100, 'CH2565', 'Quartz (Máy pin - điện tử)', '45mm', 'Mỹ', 'Dây da', '100m', 'Thép không gỉ 316L', 'Mặt kính cứng', 'Xám', 'Thể thao', 'Mặt tròn', '2024-08-06 09:38:27', '17'),
('171', 'Đồng hồ nữ MICHAEL KORS', 'ĐỒNG HỒ NỮ MICHAEL KORS PARKER MK7194', 9440000, 8496000, '171.webp', 'Đồng hồ nữ Michael Kors Parker MK7194 nổi bật với thiết kế sang trọng và thời thượng. Với mặt số tròn và các chi tiết ánh kim, đồng hồ này thường được trang bị các đá quý trang trí xung quanh mặt số, cùng với dây đeo bằng thép không gỉ, mang lại vẻ ngoài lôi cuốn và thanh lịch. Đồng hồ còn có tính năng chronograph và bộ máy chính xác, làm tăng thêm tính năng và phong cách.', 'Nữ', 100, 'MK7194', 'Quartz (Máy pin - điện tử)', '39mm', 'Mỹ', 'Thép không gỉ 316L mạ vàng công nghệ PVD', '50m', 'Thép không gỉ mạ vàng công nghệ PVD', 'Mặt kính cứng', 'Vàng', 'Thời trang', 'Mặt tròn', '2024-08-06 09:44:08', '18'),
('172', 'Đồng hồ nữ MICHAEL KORS', 'ĐỒNG HỒ NỮ MICHAEL KORS RUNWAY MERCER MK6856', 8020000, 7218000, '172.webp', 'Đồng hồ nữ Michael Kors Runway Mercer MK6856 có thiết kế tinh tế với mặt số tròn lớn, thường được trang trí bằng các chi tiết ánh kim hoặc đá quý để tạo điểm nhấn sang trọng. Dây đeo bằng thép không gỉ với kiểu dáng thanh lịch, kết hợp với bộ máy chính xác, làm cho chiếc đồng hồ này trở thành một lựa chọn hoàn hảo cho những ai yêu thích sự kết hợp giữa phong cách hiện đại và tính năng bền bỉ.', 'Nữ', 100, 'MK6856', 'Quartz (Máy pin - điện tử)', '39mm', 'Mỹ', 'Thép không gỉ 316L mạ vàng công nghệ PVD', '50m', 'Thép không gỉ mạ vàng công nghệ PVD', 'Mặt kính cứng', 'Vàng', 'Thời trang', 'Mặt tròn', '2024-08-06 09:46:07', '18'),
('173', 'Đồng hồ nữ MICHAEL KORS', 'ĐỒNG HỒ NỮ MICHAEL KORS DARCI MK4519', 7530000, 6777000, '173.webp', 'Đồng hồ nữ Michael Kors Darci MK4519 có thiết kế nổi bật với mặt số tròn được trang trí bằng đá quý, mang đến vẻ đẹp sang trọng và lấp lánh. Dây đeo bằng thép không gỉ với các chi tiết tinh xảo, kết hợp với chức năng giờ chính xác, tạo nên một món phụ kiện thanh lịch và thời thượng.', 'Nữ', 100, 'MK4519', 'Quartz (Máy pin - điện tử)', '39mm', 'Mỹ', 'Thép không gỉ 316L mạ vàng công nghệ PVD', '50m', 'Thép không gỉ mạ vàng công nghệ PVD', 'Mặt kính cứng', 'Vàng', 'Thời trang', 'Mặt tròn', '2024-08-06 09:47:40', '18'),
('174', 'Đồng hồ nữ MICHAEL KORS', 'ĐỒNG HỒ NỮ MICHAEL KORS CAMILLE MK3253', 6790000, 6111000, '174.webp', 'Đồng hồ nữ Michael Kors Camille MK3253 có thiết kế thanh lịch với mặt số tròn được trang trí bằng đá quý, kết hợp với dây đeo bằng thép không gỉ. Với kiểu dáng tinh tế và màu sắc sang trọng, chiếc đồng hồ này mang đến vẻ đẹp nữ tính và phong cách thời thượng.', 'Nữ', 100, 'MK3253', 'Quartz (Máy pin - điện tử)', '39mm', 'Mỹ', 'Thép không gỉ 316L mạ vàng công nghệ PVD', '50m', 'Thép không gỉ mạ vàng công nghệ PVD', 'Mặt kính cứng', 'Trắng', 'Thời trang', 'Mặt tròn', '2024-08-06 09:49:21', '18'),
('175', 'Đồng hồ nữ MICHAEL KORS', 'ĐỒNG HỒ NỮ MICHAEL KORS SOFIE MK3834', 6790000, 6111000, '175.webp', 'Đồng hồ nữ Michael Kors Sofie MK3834 có thiết kế hiện đại và thanh lịch với mặt số tròn nổi bật, viền được trang trí bằng đá quý. Dây đeo bằng thép không gỉ màu vàng, kết hợp với các chi tiết ánh sáng làm tăng thêm sự sang trọng. Đây là lựa chọn lý tưởng cho những ai yêu thích sự tinh tế và phong cách thời trang.', 'Nữ', 100, 'MK3253', 'Quartz (Máy pin - điện tử)', '39mm', 'Mỹ', 'Thép không gỉ 316L mạ vàng công nghệ PVD', '50m', 'Thép không gỉ mạ vàng công nghệ PVD', 'Mặt kính cứng', 'Trắng', 'Thời trang', 'Mặt tròn', '2024-08-06 09:50:18', '18'),
('176', 'Đồng hồ nữ MICHAEL KORS', 'ĐỒNG HỒ NỮ MICHAEL KORS PYPER MK4667', 5450000, 4905000, '176.webp', 'Đồng hồ nữ Michael Kors Pyper MK4667 có thiết kế thanh lịch với mặt số tròn đơn giản và dây đeo bằng da màu nâu. Mặt đồng hồ có các chỉ số và kim mỏng, tạo nên sự nhẹ nhàng và tinh tế. Đây là lựa chọn lý tưởng cho những ai yêu thích sự đơn giản và thanh thoát trong phong cách.', 'Nữ', 100, 'MK4667', 'Quartz (Máy pin - điện tử)', '39mm', 'Mỹ', 'Thép không gỉ 316L mạ vàng công nghệ PVD', '50m', 'Thép không gỉ mạ vàng công nghệ PVD', 'Mặt kính cứng', 'Trắng', 'Thời trang', 'Mặt tròn', '2024-08-06 09:51:22', '18'),
('177', 'Đồng hồ nữ MICHAEL KORS', 'ĐỒNG HỒ NỮ MICHAEL KORS BRADSHAW CHRONOGRAPH MK2960', 7530000, 6777000, '177.webp', 'Đồng hồ nữ Michael Kors Bradshaw Chronograph MK2960 có thiết kế sang trọng với mặt số lớn, các chức năng chronograph và dây đeo bằng thép không gỉ. Mặt đồng hồ được trang bị các chỉ số và kim nổi bật, cùng với ba mặt đồng hồ phụ để đo thời gian chính xác. Đây là sự lựa chọn hoàn hảo cho những ai yêu thích phong cách mạnh mẽ và tiện ích.', 'Nữ', 100, 'MK2960', 'Quartz Chronograph (Máy pin bấm giờ thể thao)', '36mm', 'Mỹ', 'Dây da', '100m', 'Thép không gỉ mạ vàng công nghệ PVD', 'Mặt kính cứng', 'Trắng', 'Thời trang', 'Mặt tròn', '2024-08-06 09:53:27', '18'),
('178', 'Đồng hồ nữ MICHAEL KORS', 'ĐỒNG HỒ NỮ MICHAEL KORS LAURYN MK3900', 7530000, 6777000, '178.webp', 'Đồng hồ nữ Michael Kors Lauryn MK3900 có thiết kế thanh lịch với mặt số đơn giản và dây đeo bằng thép không gỉ. Mặt đồng hồ thường có các chi tiết tinh tế như vạch số và kim mảnh, mang đến vẻ ngoài hiện đại và tinh tế. Đây là sự lựa chọn hoàn hảo cho những ai yêu thích sự kết hợp giữa phong cách sang trọng và tính năng thực dụng.', 'Nữ', 100, 'MK3900', 'Quartz (Máy pin - điện tử)', '33mm', 'Mỹ', 'Thép không gỉ 316L', '50m', 'Thép không gỉ 316L', 'Mặt kính cứng', 'Khảm trai', 'Thời trang', 'Mặt tròn', '2024-08-06 09:55:38', '18'),
('179', 'Đồng hồ nữ MICHAEL KORS', 'ĐỒNG HỒ NỮ MICHAEL KORS PYPER MK2741I', 5450000, 4905000, '179.webp', 'Đồng hồ nữ Michael Kors Pyper MK2741I có thiết kế thanh lịch với mặt số đơn giản và dây đeo bằng thép không gỉ màu bạc. Mặt đồng hồ thường có các vạch số mảnh và kim tinh tế, tạo nên vẻ ngoài trang nhã và hiện đại. Đây là lựa chọn lý tưởng cho những ai yêu thích phong cách tinh tế và sang trọng.', 'Nữ', 100, 'MK2741I', 'Quartz (Máy pin - điện tử)', '38mm', 'Mỹ', 'Dây da', '50m', 'Thép không gỉ mạ vàng công nghệ PVD', 'Mặt kính cứng', 'Trắng', 'Hiện đại', 'Mặt tròn', '2024-08-06 09:58:15', '18'),
('18', 'Đồng hồ nữ Tissot T-Lady', 'TISSOT BELLISSIMA SMALL LADY T126.010.16.013.01', 11500000, 10395000, '18.webp', 'Đồng hồ Tissot Bellissima Small Lady T126.010.16.013.01 nổi bật với thiết kế tinh tế và sang trọng, phù hợp với phong cách thanh lịch của phụ nữ. Với vỏ thép không gỉ mạ vàng hồng và mặt số màu bạc, đồng hồ này mang đến vẻ đẹp cổ điển và sự thanh thoát. Các chỉ số giờ được thiết kế rõ ràng, cùng với dây đeo bằng da cao cấp màu nâu, tạo nên sự kết hợp hoàn hảo giữa phong cách và chức năng. Tissot Bellissima Small Lady không chỉ là một phụ kiện thời trang mà còn là biểu tượng của sự tinh tế và sự đẳng cấp trong thiết kế đồng hồ nữ.', 'Nữ', 100, 'T126.010.16.013.01', 'Quartz (Máy pin - điện tử)', '26mm', 'Thuỵ Sỹ', 'Dây da', '50m', 'Thép không gỉ 316L', 'Sapphire', 'Hồng', 'Hiện đại', 'Mặt tròn', '2024-08-05 10:50:23', '2'),
('180', 'Đồng hồ nữ MICHAEL KORS', 'ĐỒNG HỒ MICHAEL KORS MK2620', 6950000, 6255000, '180.webp', 'Đồng hồ Michael Kors MK2620 thường có thiết kế thanh lịch với mặt số lớn, kim và vạch số nổi bật. Nó thường được trang bị dây đeo bằng thép không gỉ, có thể có màu bạc, vàng hoặc hai tông màu. Mặt đồng hồ có thể có chi tiết trang trí tinh xảo, làm nổi bật sự sang trọng và phong cách hiện đại. Đây là lựa chọn lý tưởng cho những ai tìm kiếm một chiếc đồng hồ vừa thời trang vừa thực dụng.', 'Nữ', 100, 'MK2620', 'Quartz (Máy pin - điện tử)', '38mm', 'Mỹ', 'Dây da', '50m', 'Thép không gỉ 316L', 'Mặt kính cứng', 'Đen', 'Thời trang', 'Mặt tròn', '2024-08-06 10:00:41', '18'),
('181', 'Đồng hồ nữ Skagen', 'ĐỒNG HỒ SKAGEN SKW2111', 5950000, 2975000, '181.webp', 'Đồng hồ Skagen SKW2111 có thiết kế đơn giản và tinh tế, đặc trưng của thương hiệu Skagen. Thông thường, mẫu SKW2111 có mặt số mỏng với chỉ số và kim tối giản, kết hợp với dây đeo bằng thép không gỉ hoặc da, tạo nên vẻ ngoài thanh lịch và hiện đại. Đây là lựa chọn lý tưởng cho những ai yêu thích sự tinh tế và tối giản trong thiết kế đồng hồ.', 'Nữ', 100, 'SKW2111', 'Quartz (Máy pin - điện tử)', '25mm x 22mm', 'Đan Mạch', 'Thép không gỉ 316L mạ vàng công nghệ PVD', '30m', 'Thép không gỉ mạ vàng công nghệ PVD', 'Mặt kính cứng', 'Trắng', 'Thời trang', 'Mặt tròn', '2024-08-06 10:03:13', '19'),
('182', 'Đồng hồ nữ Skagen', 'ĐỒNG HỒ SKAGEN SKW2112', 5950000, 2975000, '182.webp', 'Đồng hồ Skagen SKW2112 thường có thiết kế thanh lịch với mặt số mỏng và đơn giản. Mẫu này thường trang bị dây đeo bằng thép không gỉ hoặc da, phù hợp với phong cách hiện đại và tinh tế. Với mặt số và kim tối giản, SKW2112 mang lại vẻ ngoài thanh thoát, dễ phối hợp với nhiều trang phục và hoàn cảnh khác nhau.', 'Nữ', 100, 'SKW2112', 'Quartz (Máy pin - điện tử)', '25mm x 22mm', 'Đan Mạch', 'Thép không gỉ 316L mạ vàng công nghệ PVD', '30m', 'Thép không gỉ mạ vàng công nghệ PVD', 'Mặt kính cứng', 'Trắng', 'Thời trang', 'Mặt tròn', '2024-08-06 10:05:13', '19'),
('183', 'Đồng hồ nữ Skagen', 'ĐỒNG HỒ SKAGEN SKW2273', 4650000, 2325000, '183.webp', 'Đồng hồ nữ Skagen SKW2273 sở hữu thiết kế thanh lịch với mặt số đơn giản và dây đeo bằng thép không gỉ. Mặt số thường có màu trắng hoặc hồng nhạt, với các vạch chỉ giờ mảnh. Dây đeo bạc mang lại vẻ sang trọng và thoải mái khi đeo. Mẫu đồng hồ này thường chỉ có chức năng hiển thị giờ, phù hợp với phong cách tinh tế và trang nhã.', 'Nữ', 100, 'SKW2273', 'Quartz (Máy pin - điện tử)', '38mm', 'Đan Mạch', 'Dây da', '30m', 'Thép không gỉ 316L', 'Mặt kính cứng', 'Trắng', 'Thời trang', 'Mặt tròn', '2024-08-06 10:07:50', '19'),
('184', 'Đồng hồ nữ Skagen', 'ĐỒNG HỒ SKAGEN SKW2330', 6350000, 3175000, '184.webp', 'Đồng hồ Skagen SKW2330 có thiết kế tối giản và hiện đại. Với mặt số sạch sẽ và dây đeo bằng thép không gỉ, SKW2330 thể hiện vẻ đẹp tinh tế và thanh lịch. Mẫu đồng hồ này thường có mặt số màu sáng với các chỉ số mảnh, cùng dây đeo bạc, tạo cảm giác sang trọng và dễ dàng phối hợp với nhiều trang phục.', 'Nữ', 100, 'SKW2330', 'Quartz (Máy pin - điện tử)', '37mm', 'Đan Mạch', 'Thép không gỉ 316L mạ vàng công nghệ PVD', '30m', 'Thép không gỉ mạ vàng công nghệ PVD', 'Mặt kính cứng', 'Trắng', 'Thời trang', 'Mặt tròn', '2024-08-06 10:10:05', '19'),
('185', 'Đồng hồ nam Skagen', 'ĐỒNG HỒ SKAGEN 984LSLB', 5850000, 2925000, '185.webp', 'Đồng hồ Skagen 984LSLB là một mẫu đồng hồ thời trang cao cấp, nổi bật với thiết kế thanh lịch và hiện đại. Với mặt số đơn giản và dây đeo kim loại chắc chắn, sản phẩm này mang lại sự sang trọng và tiện nghi cho người sử dụng. Chất liệu cao cấp và độ chính xác của bộ máy đồng hồ làm cho Skagen 984LSLB trở thành lựa chọn lý tưởng cho những ai yêu thích sự tinh tế và chất lượng. Đây là sự kết hợp hoàn hảo giữa phong cách và chức năng.', 'Nữ', 100, '984LSLB', 'Quartz (Máy pin - điện tử)', '37mm', 'Đan Mạch', 'Dây da', '30m', 'Thép không gỉ 316L', 'Mặt kính cứng', 'Đen', 'Thời trang', 'Mặt vuông', '2024-08-06 10:13:31', '19'),
('186', 'Đồng hồ nữ Skagen', 'ĐỒNG HỒ SKAGEN SKW2382', 5950000, 2975000, '186.webp', 'Đồng hồ Skagen SKW2382 nổi bật với thiết kế tối giản và tinh tế, phù hợp cho những ai yêu thích phong cách thanh lịch. Mặt số đơn giản với các chỉ số rõ ràng và dây đeo kim loại chất lượng cao mang đến sự thoải mái và bền bỉ. Sản phẩm này không chỉ là một món phụ kiện thời trang mà còn thể hiện sự sang trọng và đẳng cấp. Skagen SKW2382 là sự lựa chọn lý tưởng cho các dịp đặc biệt hoặc hàng ngày.', 'Nữ', 100, 'SKW2382', 'Quartz (Máy pin - điện tử)', '34mm', 'Đan Mạch', 'Thép không gỉ 316L dạng lưới', '30m', 'Thép không gỉ mạ vàng công nghệ PVD', 'Mặt kính cứng', 'Đen', 'Thời trang', 'Mặt tròn', '2024-08-06 10:15:56', '19'),
('187', 'Đồng hồ nữ Skagen', 'ĐỒNG HỒ SKAGEN 344LMXM', 5850000, 2925000, '187.webp', 'Đồng hồ Skagen 344LMXM sở hữu thiết kế thanh lịch và hiện đại, với mặt số đơn giản nhưng tinh tế. Dây đeo da màu nâu kết hợp hoàn hảo với mặt số sáng và các chi tiết kim loại mạ bạc, tạo nên một vẻ ngoài sang trọng và lịch lãm. Chất lượng chế tác cao cấp đảm bảo độ bền bỉ và độ chính xác, làm cho Skagen 344LMXM trở thành lựa chọn tuyệt vời cho những ai yêu thích sự tinh tế và đẳng cấp trong mỗi chi tiết.', 'Nữ', 100, '344LMXM', 'Quartz (Máy pin - điện tử)', '34mm', 'Đan Mạch', 'Thép không gỉ 316L', '30m', 'Thép không gỉ 316L', 'Mặt kính cứng', 'Đen', 'Thời trang', 'Mặt tròn', '2024-08-06 10:18:21', '19'),
('188', 'Đồng hồ nam Skagen', 'ĐỒNG HỒ SKAGEN SKW6322', 5950000, 2975000, '188.webp', 'Đồng hồ Skagen 344LMXM sở hữu thiết kế thanh lịch và hiện đại, với mặt số đơn giản nhưng tinh tế. Dây đeo da màu nâu kết hợp hoàn hảo với mặt số sáng và các chi tiết kim loại mạ bạc, tạo nên một vẻ ngoài sang trọng và lịch lãm. Chất lượng chế tác cao cấp đảm bảo độ bền bỉ và độ chính xác, làm cho Skagen 344LMXM trở thành lựa chọn tuyệt vời cho những ai yêu thích sự tinh tế và đẳng cấp trong mỗi chi tiết.', 'Nam', 100, '344LMXM', 'Quartz (Máy pin - điện tử)', '40mm', 'Đan Mạch', 'Dây da', '30m', 'Thép không gỉ mạ vàng công nghệ PVD', 'Mặt kính cứng', 'Trắng', 'Thời trang', 'Mặt tròn', '2024-08-06 10:20:35', '19'),
('189', 'Đồng hồ nữ Skagen', 'ĐỒNG HỒ SKAGEN SKW6322', 4040000, 2020000, '189.webp', 'Đồng hồ Skagen SKW2602 sở hữu thiết kế tinh tế với mặt số đơn giản và dây đeo da màu nâu thanh lịch. Các chi tiết kim loại mạ bạc nổi bật trên nền mặt số sáng, tạo nên sự kết hợp hoàn hảo giữa phong cách hiện đại và cổ điển. Với chất lượng chế tác cao cấp, Skagen SKW2602 không chỉ mang lại vẻ ngoài sang trọng mà còn đảm bảo độ bền và độ chính xác. Đây là lựa chọn tuyệt vời cho những ai yêu thích sự tinh tế và thanh lịch trong từng chi tiết.', 'Nữ', 100, 'SKW2602', 'Quartz (Máy pin - điện tử)', '34mm', 'Đan Mạch', 'Dây cao su', '30m', 'Thép không gỉ 316L', 'Mặt kính cứng', 'Trắng', 'Sang trọng', 'Mặt tròn', '2024-08-06 10:22:35', '19'),
('19', 'Đồng hồ nữ Tissot T-Lady', 'ĐỒNG HỒ NỮ TISSOT LOVELY SQUARE SUMMER KIT T058.109.36.031.03', 11200000, 10080000, '19.webp', 'Đồng hồ nữ Tissot Lovely Square Summer Kit T058.109.36.031.03 nổi bật với thiết kế trẻ trung và phong cách. Với vỏ thép không gỉ hình vuông và mặt số màu bạc, đồng hồ này mang đến vẻ đẹp tinh tế và hiện đại. Các chỉ số giờ được thiết kế rõ ràng, cùng với dây đeo bằng da cao cấp màu xanh, tạo nên sự kết hợp hoàn hảo cho mùa hè. Đồng hồ còn đi kèm với bộ kit mùa hè, thêm phần đặc biệt cho các dịp vui tươi. Tissot Lovely Square Summer Kit không chỉ là một phụ kiện thời trang mà còn là biểu tượng của sự thanh lịch và sự đổi mới trong thiết kế đồng hồ nữ.', 'Nữ', 100, 'T058.109.36.031.03', 'Quartz (Máy pin - điện tử)', '20mm', 'Thuỵ Sỹ', 'Dây da', '30m', 'Thép không gỉ mạ vàng công nghệ PVD', 'Sapphire', 'Trắng', 'Thời trang', 'Mặt vuông', '2024-08-05 10:53:13', '2'),
('190', 'Đồng hồ nữ Skagen', 'ĐỒNG HỒ SKAGEN 855SSLI', 3500000, 1750000, '190.webp', 'Đồng hồ Skagen 855SSLI nổi bật với thiết kế tối giản và sang trọng, phù hợp cho những ai yêu thích phong cách hiện đại. Mặt số đơn giản với các chỉ số rõ ràng cùng dây đeo kim loại sáng bóng tạo nên vẻ ngoài thanh lịch và đẳng cấp. Chất liệu cao cấp và độ chính xác của bộ máy đồng hồ đảm bảo sự bền bỉ và độ tin cậy. Skagen 855SSLI là lựa chọn hoàn hảo cho các dịp đặc biệt hoặc hàng ngày, mang đến sự tinh tế và sự tự tin cho người sử dụng.', 'Nữ', 100, '855SSLI', 'Quartz (Máy pin - điện tử)', '24mm', 'Đan Mạch', 'Dây da', '30m', 'Thép không gỉ 316L', 'Mặt kính cứng', 'Trắng', 'Thời trang', 'Mặt vuông', '2024-08-06 10:24:41', '19'),
('2', 'Đồng hồ unisex Longines Conquest', 'ĐỒNG HỒ LONGINES CONQUEST AUTOMATIC L3.320.4.72.6 (L33204726)', 53187000, 47868000, '2.webp', 'Đồng hồ Longines Conquest Automatic L3.320.4.72.6 (L33204726) nổi bật với thiết kế thanh lịch và tinh tế, thuộc dòng Conquest nổi tiếng của Longines. Với vỏ thép không gỉ và mặt số màu xanh đậm, đồng hồ này kết hợp sự sang trọng với tính năng thể thao. Nó được trang bị cơ chế tự động, đảm bảo độ chính xác và độ bền cao. Các chi tiết kim loại bóng bẩy và các chỉ số giờ nổi bật tạo nên vẻ đẹp mạnh mẽ nhưng vẫn giữ được sự thanh lịch. Đồng hồ Longines Conquest Automatic L3.320.4.72.6 là lựa chọn lý tưởng cho những ai yêu thích sự kết hợp giữa phong cách cổ điển và công nghệ hiện đại', 'Unisex', 100, 'L3.320.4.72.6', 'Automatic (Máy cơ tự động)', '30mm', 'Thụy Sỹ', 'Thép không gỉ 316L', '100m', 'Thép không gỉ 316L', 'Sapphire', 'Hồng', 'Sang trọng', 'Mặt tròn', '2024-08-05 10:06:03', '1'),
('20', 'Đồng hồ nữ Tissot Heritage', 'TISSOT HERITAGE PORTO SMALL LADY T128.109.16.282.00', 12950000, 11655000, '20.webp', 'Đồng hồ nữ Tissot Heritage Porto Small Lady T128.109.16.282.00 mang đến sự kết hợp hoàn hảo giữa thiết kế cổ điển và phong cách hiện đại. Với vỏ thép không gỉ mạ vàng hồng và mặt số màu bạc, đồng hồ này tỏa ra vẻ đẹp thanh lịch và sang trọng. Các chỉ số giờ được thiết kế rõ ràng với các chữ số La Mã, kết hợp với dây đeo bằng da màu nâu, tạo nên sự hoàn thiện hoàn hảo cho phong cách cổ điển. Tissot Heritage Porto Small Lady không chỉ là một phụ kiện thời trang tinh tế mà còn là biểu tượng của sự đẳng cấp và sự tinh xảo trong thiết kế đồng hồ nữ.', 'Nữ', 100, 'T128.109.16.282.00', 'Quartz (Máy pin - điện tử)', '30.1mm - 22mm', 'Thuỵ Sỹ', 'Dây da', '30m', 'Thép không gỉ 316L', 'Mặt kính cứng', 'Da Cam', 'Thời trang', 'Mặt chữ nhật', '2024-08-05 10:55:50', '2'),
('21', 'Đồng hồ nữ Mido Rainflower', 'ĐỒNG HỒ NỮ MIDO RAINFLOWER M043.207.11.106.00 (M0432071110600)', 30630000, 27567000, '21.webp', 'Đồng hồ nữ Mido Rainflower M043.207.11.106.00 (M0432071110600) nổi bật với thiết kế tinh tế và thanh lịch. Với vỏ thép không gỉ và mặt số màu bạc, đồng hồ này mang đến vẻ đẹp sang trọng và hiện đại. Các chỉ số giờ được thiết kế rõ ràng, cùng với dây đeo bằng da cao cấp màu nâu, tạo nên sự kết hợp hoàn hảo giữa phong cách và chức năng. Mido Rainflower không chỉ là một phụ kiện thời trang mà còn là biểu tượng của sự thanh lịch và sự chính xác trong thiết kế đồng hồ nữ.', 'Nữ', 100, 'M043.207.11.106.00', 'Automatic (Máy cơ tự động)', '34mm', 'Thuỵ Sỹ', 'Thép không gỉ 316L', '30m', 'Thép không gỉ 316L', 'Saphire chống xước với lớp phủ chống phản chiếu', 'Xám', 'Sang trọng', 'Mặt tròn', '2024-08-05 10:58:56', '3'),
('22', 'Đồng hồ nữ Mido Baroncelli', 'ĐỒNG HỒ NAM MIDO BARONCELLI HERITAGE LADY M027.207.36.266.00 (M0272073626600)', 37830000, 34047000, '22.webp', 'Đồng hồ nam Mido Baroncelli Heritage M027.207.36.266.00 (M0272073626600) nổi bật với thiết kế cổ điển và thanh lịch. Với vỏ thép không gỉ mạ vàng hồng và mặt số màu bạc, đồng hồ này tỏa ra vẻ đẹp sang trọng và tinh tế. Các chỉ số giờ được thiết kế rõ ràng và kim đồng hồ được chế tác tinh xảo, kết hợp với dây đeo bằng da cao cấp màu nâu, tạo nên một phong cách cổ điển nhưng vẫn hiện đại. Mido Baroncelli Heritage không chỉ là một phụ kiện thời trang đẳng cấp mà còn là biểu tượng của sự chính xác và sự tinh xảo trong thiết kế đồng hồ.', 'Nữ', 100, 'M027.207.36.266.00', 'Automatic (Máy cơ tự động)', '34mm', 'Thuỵ Sỹ', 'Dây da', '30m', 'Thép không gỉ mạ vàng công nghệ PVD', 'Sapphire', 'Trắng', 'Sang trọng', 'Mặt tròn', '2024-08-05 11:01:21', '3'),
('23', 'Đồng hồ nữ Mido Baroncelli', 'ĐỒNG HỒ NỮ MIDO BARONCELLI LADY NECKLACE M037.807.22.031.00 (M0378072203100)', 37830000, 34047000, '23.webp', 'Đồng hồ nữ Mido Baroncelli Lady Necklace M037.807.22.031.00 (M0378072203100) nổi bật với thiết kế sang trọng và tinh tế. Với vỏ thép không gỉ mạ vàng hồng và mặt số màu bạc, đồng hồ này mang đến vẻ đẹp thanh lịch và hiện đại. Các chỉ số giờ được thiết kế tinh xảo, cùng với dây đeo bằng da cao cấp màu nâu, tạo nên sự kết hợp hoàn hảo cho phong cách nữ tính. Mido Baroncelli Lady Necklace không chỉ là một phụ kiện thời trang mà còn là biểu tượng của sự đẳng cấp và sự chính xác trong thiết kế đồng hồ nữ.', 'Nữ', 100, 'M037.807.22.031.00', 'Automatic (Máy cơ tự động)', '34mm', 'Thuỵ Sỹ', 'Thép không gỉ 316L mạ vàng công nghệ PVD', '50m', 'Thép không gỉ mạ vàng công nghệ PVD', 'Sapphire', 'Khảm trai', 'Hiện đại', 'Mặt tròn', '2024-08-05 11:03:28', '3'),
('24', 'Đồng hồ nữ Mido Commander', 'ĐỒNG HỒ NỮ MIDO COMMANDER LADY M021.207.16.296.00 (M0212071629600)', 29450000, 26505000, '24.webp', 'Đồng hồ nữ Mido Commander Lady M021.207.16.296.00 (M0212071629600) nổi bật với thiết kế cổ điển và thanh lịch. Vỏ thép không gỉ và mặt số màu bạc sáng tạo nên sự sang trọng và hiện đại. Các chỉ số giờ và kim đồng hồ được thiết kế tinh xảo, với dây đeo bằng da cao cấp màu nâu hoàn thiện vẻ đẹp của đồng hồ. Mido Commander Lady không chỉ là một phụ kiện thời trang tinh tế mà còn là biểu tượng của sự chính xác và sự đẳng cấp trong thiết kế đồng hồ nữ.', 'Nữ', 100, 'M021.207.16.296.00', 'Automatic (Máy cơ tự động)', '35mm', 'Thuỵ Sỹ', 'Dây da', '50m', 'Thép không gỉ 316L', 'Sapphire', 'Nâu', 'Sang trọng', 'Mặt tròn', '2024-08-05 11:06:34', '3'),
('25', 'Đồng hồ nam Mido Multifort', 'ĐỒNG HỒ NAM MIDO MULTIFORT TV BIG DATE M049.526.17.081.00 (M0495261708100)', 29690000, 26721000, '25.webp', 'Đồng hồ nam Mido Multifort TV Big Date M049.526.17.081.00 (M0495261708100) nổi bật với thiết kế thể thao và mạnh mẽ. Vỏ thép không gỉ kết hợp với mặt số màu đen và các chỉ số giờ rõ ràng mang đến sự hiện đại và phong cách. Đồng hồ được trang bị cơ chế Big Date, cung cấp lịch ngày lớn và dễ đọc, cùng với chức năng chống nước và khả năng chống va đập. Dây đeo bằng cao su hoặc thép không gỉ hoàn thiện vẻ ngoài thể thao của đồng hồ. Mido Multifort TV Big Date không chỉ là một phụ kiện thời trang mà còn là biểu tượng của sự bền bỉ và sự chính xác trong thiết kế đồng hồ.', 'Nam', 100, 'M049.526.17.081.00', 'Automatic (Máy cơ tự động)', '40mm - 39.2mm', 'Thuỵ Sỹ', 'Dây cao su', '100m', 'Thép không gỉ 316L', 'Sapphire', 'Đen', 'Hiện đại', 'Mặt vuông', '2024-08-05 11:09:03', '3'),
('26', 'Đồng hồ nam Mido Multifort', 'ĐỒNG HỒ NAM MIDO MULTIFORT TV BIG DATE M049.526.17.041.00 (M0495261704100)', 29690000, 26721000, '26.webp', 'Đồng hồ nam Mido Multifort TV Big Date M049.526.17.041.00 (M0495261704100) nổi bật với thiết kế thể thao và hiện đại. Vỏ thép không gỉ kết hợp với mặt số màu đen tạo nên vẻ ngoài mạnh mẽ và sang trọng. Đồng hồ trang bị cơ chế Big Date, cung cấp lịch ngày lớn và dễ đọc, cùng với chức năng chống nước và độ bền cao. Dây đeo bằng cao su hoặc thép không gỉ hoàn thiện phong cách thể thao của đồng hồ. Mido Multifort TV Big Date không chỉ là một phụ kiện thời trang mà còn là biểu tượng của sự chính xác và sự bền bỉ trong thiết kế đồng hồ.', 'Nam', 100, 'M049.526.17.041.00', 'Automatic (Máy cơ tự động)', '40mm - 39.2mm', 'Thuỵ Sỹ', 'Dây cao su', '100m', 'Thép không gỉ 316L', 'Sapphire', 'Xanh lam', 'Hiện đại', 'Mặt vuông', '2024-08-05 11:10:36', '3'),
('27', 'Đồng hồ nam Mido Multifort', 'ĐỒNG HỒ NAM MIDO MULTIFORT M M038.430.11.031.00 (M0384301103100)', 23750000, 21375000, '27.webp', 'Đồng hồ nam Mido Multifort M M038.430.11.031.00 (M0384301103100) nổi bật với thiết kế thể thao và mạnh mẽ. Với vỏ thép không gỉ và mặt số màu đen, đồng hồ này kết hợp sự hiện đại và tính năng bền bỉ. Các chỉ số giờ rõ ràng và kim đồng hồ được chế tác tinh xảo, cùng với cơ chế chống nước và chức năng ngày, tạo nên một phụ kiện lý tưởng cho các hoạt động hàng ngày. Dây đeo bằng cao su hoặc thép không gỉ hoàn thiện vẻ ngoài thể thao của đồng hồ. Mido Multifort M không chỉ là một phụ kiện thời trang mà còn là biểu tượng của sự chính xác và độ bền trong thiết kế đồng hồ.', 'Nam', 100, 'M038.430.11.031.00', 'Automatic (Máy cơ tự động)', '42mm', 'Thuỵ Sỹ', 'Thép không gỉ 316L', '100m', 'Thép không gỉ 316L', 'Sapphire', 'Trắng', 'Hiện đại', 'Mặt tròn', '2024-08-05 11:12:51', '3'),
('28', 'Đồng hồ nam Mido Ocean Star', 'MIDO OCEAN STAR DIVER 600 M026.608.11.041.01', 48750000, 43875000, '28.webp', 'Đồng hồ Mido Ocean Star Diver 600 M026.608.11.041.01 là một mẫu đồng hồ thể thao chuyên dụng với thiết kế mạnh mẽ và bền bỉ. Vỏ thép không gỉ và mặt số màu đen được trang bị các chỉ số giờ luminescent và kim đồng hồ để dễ dàng đọc trong điều kiện ánh sáng yếu. Đồng hồ có khả năng chống nước lên đến 600 mét, lý tưởng cho các hoạt động lặn biển chuyên sâu. Các chức năng bao gồm đồng hồ bấm giờ và lịch ngày, cùng với dây đeo cao su chống nước và chống mài mòn, làm nổi bật tính năng bền bỉ và hiệu suất của đồng hồ. Mido Ocean Star Diver 600 không chỉ là một phụ kiện thời trang thể thao mà còn là biểu tượng của sự chính xác và độ tin cậy trong môi trường khắc nghiệt.', 'Nam', 100, 'M026.608.11.041.01', 'Automatic Chronometer (Máy cơ tự động chuẩn COSC)', '42mm', 'Thuỵ Sỹ', 'Thép không gỉ 316L', '600m', 'Thép không gỉ 316L', 'Sapphire', 'Xanh lam', 'Thể thao sang trọng', 'Mặt tròn', '2024-08-05 11:15:10', '3'),
('29', 'Đồng hồ nữ Mido Baroncelli', 'MIDO BARONCELLI LADY MINI M039.007.11.076.00 (M0390071107600)', 24080000, 21672000, '29.webp', 'Đồng hồ nữ Mido Baroncelli Lady Mini M039.007.11.076.00 (M0390071107600) nổi bật với thiết kế tinh tế và thanh lịch. Vỏ thép không gỉ mạ vàng hồng và mặt số màu bạc tạo nên vẻ đẹp sang trọng và hiện đại. Các chỉ số giờ được thiết kế tinh xảo, cùng với dây đeo bằng da cao cấp màu nâu, hoàn thiện phong cách cổ điển nhưng vẫn hiện đại. Đồng hồ có kích thước nhỏ gọn, phù hợp với cổ tay nhỏ, và mang đến sự chính xác và sự tinh tế trong thiết kế. Mido Baroncelli Lady Mini không chỉ là một phụ kiện thời trang mà còn là biểu tượng của sự thanh lịch và đẳng cấp.', 'Nữ', 100, 'M039.007.11.076.00', 'Automatic (Máy cơ tự động)', '25mm', 'Thụy Sỹ', 'Thép không gỉ 316L', '50m', 'Thép không gỉ 316L', 'Sapphire', 'Xám', 'Hiện đại', 'Mặt tròn', '2024-08-05 11:17:40', '3'),
('3', 'Đồng hồ unisex Longines Conquest', 'ĐỒNG HỒ LONGINES CONQUEST AUTOMATIC L3.320.4.97.6 (L33204976)', 66125000, 59512000, '3.webp', 'Đồng hồ Longines Conquest Automatic L3.320.4.97.6 (L33204976) là một mẫu đồng hồ thể thao sang trọng, nổi bật với thiết kế mạnh mẽ và tinh tế. Với vỏ thép không gỉ và mặt số màu đen, đồng hồ này mang đến vẻ ngoài mạnh mẽ nhưng vẫn thanh lịch. Các chỉ số giờ và phút được thiết kế rõ ràng, kết hợp với cơ chế tự động để đảm bảo độ chính xác cao và sự bền bỉ. Đồng hồ này không chỉ là một phụ kiện thời trang mà còn là biểu tượng của sự tinh xảo và sự đổi mới trong thiết kế đồng hồ thể thao.', 'Unisex', 100, 'L3.320.4.97.6', 'Automatic (Máy cơ tự động)', '30mm', 'Thụy Sỹ', 'Thép không gỉ 316L', '100m', 'Thép không gỉ 316L', 'Sapphire', 'Xanh lam', 'Sang trọng', 'Mặt tròn', '2024-08-05 10:08:47', '1'),
('30', 'Đồng hồ nam Mido Multifort', 'MIDO MULTIFORT DUAL TIME GMT M038.429.36.051.00 (M0384293605100)', 30950000, 27855000, '30.webp', 'Đồng hồ Mido Multifort Dual Time GMT M038.429.36.051.00 (M0384293605100) nổi bật với thiết kế thể thao và tính năng đa dạng. Vỏ thép không gỉ kết hợp với mặt số màu đen, các chỉ số giờ rõ ràng, và chức năng GMT giúp theo dõi hai múi giờ khác nhau. Đồng hồ còn trang bị chức năng chống nước và chống trầy xước, làm cho nó trở thành lựa chọn lý tưởng cho những ai cần một chiếc đồng hồ bền bỉ và chính xác trong các điều kiện khác nhau. Dây đeo bằng thép không gỉ hoàn thiện vẻ ngoài thể thao của đồng hồ. Mido Multifort Dual Time GMT không chỉ là một phụ kiện thời trang mà còn là biểu tượng của sự chính xác và độ bền trong thiết kế đồng hồ.', 'Nam', 100, 'M038.429.36.051.00', 'Automatic (Máy cơ tự động)', '25mm', 'Thụy Sỹ', 'Dây da', '50m', 'Thép không gỉ mạ công nghệ PVD', 'Sapphire', 'Đen', 'Hiện đại', 'Mặt tròn', '2024-08-05 11:21:11', '3'),
('31', 'Đồng hồ nữ Hamilton Jazzmaste', 'ĐỒNG HỒ NỮ HAMILTON JAZZMASTER PERFORMER AUTO H36135130', 27280000, 24552000, '31.webp', 'Đồng hồ nữ Hamilton Jazzmaster Performer Auto H36135130 nổi bật với thiết kế thanh lịch và tinh tế. Với vỏ thép không gỉ và mặt số màu bạc, đồng hồ này kết hợp sự hiện đại với sự cổ điển. Các chỉ số giờ được thiết kế rõ ràng, cùng với các kim đồng hồ được chế tác tinh xảo, mang đến vẻ đẹp sang trọng. Đồng hồ được trang bị cơ chế tự động, đảm bảo độ chính xác và hiệu suất tốt. Dây đeo bằng da cao cấp màu nâu hoàn thiện phong cách của đồng hồ. Hamilton Jazzmaster Performer Auto không chỉ là một phụ kiện thời trang mà còn là biểu tượng của sự chính xác và đẳng cấp trong thiết kế đồng hồ nữ.', 'Nữ', 100, 'H36135130', 'Automatic (Máy cơ tự động)', '34mm', 'Thụy Sỹ', 'Thép không gỉ 316L', '50m', 'Thép không gỉ 316L', 'Sapphire', 'Đen', 'Sang trọng', 'Mặt tròn', '2024-08-05 11:24:33', '4'),
('32', 'Đồng hồ nam Hamilton Jazzmaster', 'ĐỒNG HỒ NAM HAMILTON JAZZMASTER OPEN HEART INDEX 40MM H32675140', 27280000, 24552000, '32.webp', 'Đồng hồ nam Hamilton Jazzmaster Open Heart Index 40mm H32675140 nổi bật với thiết kế tinh tế và hiện đại. Vỏ thép không gỉ kết hợp với mặt số màu bạc, mở lộ cơ chế hoạt động bên trong qua cửa sổ Open Heart, tạo điểm nhấn độc đáo và thu hút. Các chỉ số giờ được thiết kế rõ ràng, cùng với kim đồng hồ được chế tác tinh xảo, mang đến vẻ đẹp sang trọng và hiện đại. Đồng hồ có kích thước 40mm, vừa vặn với nhiều kích cỡ cổ tay, và dây đeo bằng da cao cấp màu nâu hoàn thiện phong cách của đồng hồ. Hamilton Jazzmaster Open Heart Index không chỉ là một phụ kiện thời trang mà còn là biểu tượng của sự chính xác và sự đổi mới trong thiết kế đồng hồ nam.', 'Nữ', 100, 'H32675140', 'Automatic (Máy cơ tự động)', '40mm', 'Thụy Sỹ', 'Thép không gỉ 316L', '50m', 'Thép không gỉ 316L', 'Sapphire', 'Xanh lam', 'Hiện đại', 'Mặt tròn', '2024-08-05 11:27:06', '4'),
('33', 'Đồng hồ nam Hamilton Khaki Field', 'HAMILTON KHAKI FIELD MECHANICAL H69439511', 14960000, 13464000, '33.webp', 'Đồng hồ Hamilton Khaki Field Mechanical H69439511 nổi bật với thiết kế đơn giản và chắc chắn, phù hợp cho những ai yêu thích phong cách quân đội và phiêu lưu. Với vỏ thép không gỉ và mặt số màu đen, đồng hồ này mang đến vẻ ngoài mạnh mẽ và bền bỉ. Các chỉ số giờ và kim đồng hồ được thiết kế rõ ràng với ánh sáng phát quang, giúp dễ dàng đọc giờ trong điều kiện ánh sáng yếu. Đồng hồ được trang bị cơ chế cơ học, tạo ra sự chính xác và độ tin cậy cao. Dây đeo bằng vải màu xanh quân đội hoàn thiện phong cách thể thao và thực dụng của đồng hồ. Hamilton Khaki Field Mechanical không chỉ là một phụ kiện thời trang mà còn là biểu tượng của sự bền bỉ và sự chính xác trong thiết kế đồng hồ.', 'Nam', 100, 'H69439511', 'Đồng hồ cơ lên giây cót bằng tay ( Manual winding )', '38mm', 'Thụy Sỹ', 'Dây da', '50m', 'Thép không gỉ 316L', 'Sapphire', 'Trắng', 'Quân đội', 'Mặt tròn', '2024-08-05 11:29:36', '4'),
('34', 'Đồng hồ nam Hamilton Khaki Navy', 'ĐỒNG HỒ NAM HAMILTON KHAKI NAVY FROGMAN AUTO H77705345', 26620000, 23958000, '34.webp', 'Đồng hồ nam Hamilton Khaki Navy Frogman Auto H77705345 nổi bật với thiết kế mạnh mẽ và chức năng đặc biệt dành cho các hoạt động dưới nước. Với vỏ thép không gỉ và mặt số màu đen, đồng hồ này kết hợp sự bền bỉ với phong cách thể thao. Đặc biệt, đồng hồ có khả năng chống nước lên đến 300 mét, lý tưởng cho lặn biển và các hoạt động dưới nước khác. Các chỉ số giờ và kim đồng hồ được thiết kế rõ ràng và dễ đọc trong điều kiện ánh sáng yếu, với các chi tiết phát quang để tăng cường khả năng đọc giờ trong bóng tối. Dây đeo cao su đen cung cấp sự thoải mái và độ bền cao. Hamilton Khaki Navy Frogman Auto không chỉ là một phụ kiện thời trang mà còn là biểu tượng của sự bền bỉ và sự chính xác trong thiết kế đồng hồ dành cho các hoạt động thể thao và lặn biển.', 'Nam', 100, 'H77705345', 'Automatic (Máy cơ tự động)', '42mm', 'Thụy Sỹ', 'Dây cao su', '300m', 'Thép không gỉ 316L', 'Sapphire', 'Xanh lam', 'Sang trọng', 'Mặt tròn', '2024-08-05 11:32:02', '4'),
('35', 'Đồng hồ unisex Hamilton Khaki', 'ĐỒNG HỒ HAMILTON KHAKI NAVY SCUBA AUTO H82395332', 2620000, 2458000, '35.webp', 'Đồng hồ Hamilton Khaki Navy Scuba Auto H82395332 nổi bật với thiết kế thể thao và tính năng đa dụng, phù hợp cho các hoạt động dưới nước. Với vỏ thép không gỉ và mặt số màu xanh đậm, đồng hồ mang đến vẻ ngoài mạnh mẽ và hiện đại. Đặc biệt, đồng hồ có khả năng chống nước lên đến 300 mét, lý tưởng cho lặn biển và các hoạt động thể thao dưới nước. Các chỉ số giờ và kim đồng hồ được thiết kế rõ ràng với chi tiết phát quang, giúp dễ dàng đọc giờ trong điều kiện ánh sáng yếu. Dây đeo cao su màu đen đảm bảo sự thoải mái và độ bền cao. Hamilton Khaki Navy Scuba Auto không chỉ là một phụ kiện thời trang mà còn là biểu tượng của sự bền bỉ và chính xác trong thiết kế đồng hồ cho các hoạt động thể thao và lặn biển.', 'Unisex', 100, 'H82395332', 'Automatic (Máy cơ tự động)', '40mm', 'Thụy Sỹ', 'Dây cao su', '100m', 'Thép không gỉ 316L', 'Sapphire', 'Đen', 'Thể thao', 'Mặt tròn', '2024-08-05 11:35:42', '4'),
('36', 'Đồng hồ nữ Hamilton Jazzmaster', 'ĐỒNG HỒ NỮ HAMILTON JAZZMASTER H32275890', 25300000, 22770000, '36.webp', 'Đồng hồ nữ Hamilton Jazzmaster H32275890 nổi bật với thiết kế thanh lịch và sang trọng. Vỏ thép không gỉ mạ vàng hồng kết hợp với mặt số màu bạc tạo nên vẻ đẹp tinh tế và hiện đại. Các chỉ số giờ và kim đồng hồ được thiết kế rõ ràng, cùng với cửa sổ lịch ngày nhỏ ở vị trí 3 giờ, làm tăng thêm sự tiện ích và chức năng. Dây đeo bằng da cao cấp màu nâu hoàn thiện phong cách cổ điển của đồng hồ. Hamilton Jazzmaster H32275890 không chỉ là một phụ kiện thời trang mà còn là biểu tượng của sự chính xác và đẳng cấp trong thiết kế đồng hồ nữ.', 'Thụy Sỹ', 100, 'H32275890', 'Automatic (Máy cơ tự động)', '30mm', 'Thụy Sỹ', 'Dây da', '50m', 'Thép không gỉ 316L', 'Sapphire', 'Khảm trai', 'Hiện đại', 'Mặt tròn', '2024-08-05 11:38:22', '4'),
('37', 'Đồng hồ nữ Hamilton Jazzmaster', 'ĐỒNG HỒ NỮ HAMILTON JAZZMASTER OPEN HEART LADY H32215130', 25300000, 22770000, '37.webp', 'Đồng hồ nữ Hamilton Jazzmaster Open Heart Lady H32215130 nổi bật với thiết kế thanh lịch và hiện đại. Vỏ thép không gỉ mạ vàng hồng kết hợp với mặt số màu bạc, mở lộ cơ chế hoạt động bên trong qua cửa sổ Open Heart, tạo điểm nhấn độc đáo và thu hút. Các chỉ số giờ và kim đồng hồ được thiết kế tinh xảo, cùng với cửa sổ lịch ngày ở vị trí 3 giờ, mang đến sự tiện ích và sự sang trọng. Dây đeo bằng da cao cấp màu nâu hoàn thiện vẻ đẹp cổ điển của đồng hồ. Hamilton Jazzmaster Open Heart Lady không chỉ là một phụ kiện thời trang mà còn là biểu tượng của sự chính xác và đẳng cấp trong thiết kế đồng hồ nữ.', 'Nữ', 100, 'H32215130', 'Automatic (Máy cơ tự động)', '36mm', 'Thụy Sỹ', 'Thép không gỉ 316L', '50m', 'Thép không gỉ 316L', 'Sapphire', 'Đen', 'Sang trọng', 'Mặt tròn', '2024-08-05 11:40:27', '4'),
('38', 'Đồng hồ nữ Hamilton Ventura', 'ĐỒNG HỒ NỮ HAMILTON VENTURA H24211941', 22220000, 19998000, '38.webp', 'Đồng hồ nữ Hamilton Ventura H24211941 nổi bật với thiết kế độc đáo và hiện đại, kết hợp giữa sự sáng tạo và phong cách. Vỏ thép không gỉ mạ vàng hồng và mặt số màu bạc tạo nên vẻ đẹp sang trọng và tinh tế. Đồng hồ có hình dáng hình học đặc trưng với các đường nét mạnh mẽ, và kim đồng hồ cùng các chỉ số giờ được thiết kế rõ ràng, giúp dễ dàng đọc giờ. Dây đeo bằng da cao cấp màu đen hoàn thiện phong cách đặc biệt của đồng hồ. Hamilton Ventura H24211941 không chỉ là một phụ kiện thời trang ấn tượng mà còn là biểu tượng của sự đổi mới và đẳng cấp trong thiết kế đồng hồ nữ.', 'Nữ', 100, 'H24211941', 'Quartz (Máy pin - điện tử)', '24mm - 36.5mm', 'Thụy Sỹ', 'Dây dù', '50m', 'Thép không gỉ 316L', 'Sapphire', 'Xanh lam', 'Thời trang', 'Khác', '2024-08-05 11:43:51', '4'),
('39', 'Đồng hồ nữ Hamilton Jazzmaster', 'HAMILTON JAZZMASTER OPEN HEART H32215141', 24860000, 22374000, '40.webp', 'Đồng hồ Hamilton Jazzmaster Open Heart H32215141 nổi bật với thiết kế thanh lịch và hiện đại. Vỏ thép không gỉ kết hợp với mặt số màu bạc tạo nên vẻ đẹp sang trọng và tinh tế. Cửa sổ Open Heart trên mặt số cho phép bạn chiêm ngưỡng cơ chế hoạt động của đồng hồ, tạo điểm nhấn độc đáo và thu hút. Các chỉ số giờ và kim đồng hồ được thiết kế rõ ràng, cùng với cửa sổ lịch ngày ở vị trí 3 giờ, mang đến sự tiện ích và sự sang trọng. Dây đeo bằng da cao cấp màu nâu hoàn thiện phong cách cổ điển của đồng hồ. Hamilton Jazzmaster Open Heart H32215141 không chỉ là một phụ kiện thời trang mà còn là biểu tượng của sự chính xác và đẳng cấp trong thiết kế đồng hồ.', 'Nữ', 100, 'H32215141', 'Automatic (Máy cơ tự động)', '36mm', 'Thụy Sỹ', 'Thép không gỉ 316L', '50m', 'Thép không gỉ 316L', 'Sapphire', 'Xanh lam', 'Hiện đại', 'Mặt tròn', '2024-08-05 11:49:49', '4'),
('4', 'Đồng hồ nam Longines Master', 'ĐỒNG HỒ LONGINES MASTER COLLECTION L2.793.5.57.7 (L27935577)', 115000000, 110000000, '4.webp', 'Đồng hồ Longines Master Collection L2.793.5.57.7 (L27935577) là một mẫu đồng hồ cao cấp, nổi bật với thiết kế cổ điển và sự tinh xảo trong chế tác. Với vỏ thép không gỉ và mặt số màu bạc, đồng hồ này thể hiện sự thanh lịch và sang trọng. Nó được trang bị cơ chế tự động, với các chỉ số giờ và phút rõ ràng, cùng với lịch ngày và các chức năng khác, tạo nên sự tiện ích và chính xác. Đồng hồ Longines Master Collection L2.793.5.57.7 không chỉ là một phụ kiện thời trang mà còn là biểu tượng của sự đẳng cấp và sự tinh tế trong thiết kế đồng hồ.', 'Nam', 100, 'L2.793.5.57.7', 'Automatic (Máy cơ tự động)', '40mm', 'Thụy Sỹ', 'Thép không gỉ 316L/ Vàng 18K', '30m', 'Thép không gỉ 316L/ Vàng 18K', 'Sapphire', 'Đen', 'Sang trọng', 'Mặt tròn', '2024-08-05 10:12:59', '1'),
('40', 'Đồng hồ nữ Hamilton American', 'HAMILTON AMERICAN CLASSIC H31111183', 11220000, 10098000, '40.webp', 'HAMILTON AMERICAN CLASSIC H31111183 nổi bật với thiết kế thanh lịch và hiện đại. Vỏ thép không gỉ kết hợp với mặt số màu bạc tạo nên vẻ đẹp sang trọng và tinh tế. Cửa sổ Open Heart trên mặt số cho phép bạn chiêm ngưỡng cơ chế hoạt động của đồng hồ, tạo điểm nhấn độc đáo và thu hút. Các chỉ số giờ và kim đồng hồ được thiết kế rõ ràng, cùng với cửa sổ lịch ngày ở vị trí 3 giờ, mang đến sự tiện ích và sự sang trọng. Dây đeo bằng da cao cấp màu nâu hoàn thiện phong cách cổ điển của đồng hồ. Hamilton Jazzmaster Open Heart H32215141 không chỉ là một phụ kiện thời trang mà còn là biểu tượng của sự chính xác và đẳng cấp trong thiết kế đồng hồ.', 'Nữ', 100, 'H31111183', 'Quartz (Máy pin - điện tử)', '14,5mm - 28,4mm', 'Thụy Sỹ', 'Thép không gỉ 316L', '50m', 'Thép không gỉ 316L', 'Sapphire', 'Xanh lam', 'Hiện đại', 'Mặt tròn', '2024-08-05 11:52:26', '4'),
('41', 'Đồng hồ nam Certina Urban', 'ĐỒNG HỒ NAM CERTINA DS+ AUTOMATIC C041.407.19.041.01', 26420000, 23778000, '41.webp', 'Đồng hồ nam Certina DS+ Automatic C041.407.19.041.01 nổi bật với thiết kế thể thao và bền bỉ. Vỏ thép không gỉ kết hợp với mặt số màu đen mang đến vẻ ngoài mạnh mẽ và hiện đại. Các chỉ số giờ và kim đồng hồ được thiết kế rõ ràng với ánh sáng phát quang, giúp dễ dàng đọc giờ trong điều kiện ánh sáng yếu. Đồng hồ được trang bị cơ chế tự động, đảm bảo sự chính xác và độ tin cậy cao. Khả năng chống nước và chống sốc giúp đồng hồ phù hợp với các hoạt động thể thao và phiêu lưu. Dây đeo bằng thép không gỉ hoàn thiện phong cách thể thao và sang trọng của đồng hồ. Certina DS+ Automatic không chỉ là một phụ kiện thời trang mà còn là biểu tượng của sự bền bỉ và sự chính xác trong thiết kế đồng hồ.', 'Nữ', 100, 'C041.407.19.041.01', 'Quartz (Máy pin - điện tử)', '14,5mm - 28,4mm', 'Thụy Sỹ', 'Thép không gỉ 316L', '200m', 'Thép không gỉ 316L', 'Sapphire', 'Xanh lam', 'Thể thao', 'Mặt tròn', '2024-08-05 11:55:57', '5'),
('42', 'Đồng hồ nam Certina Urban', 'ĐỒNG HỒ NAM CERTINA DS-1 BIG DATE POWERMATIC 80 C029.426.11.041.00', 23350000, 21051000, '42.webp', 'Đồng hồ nam Certina DS-1 Big Date Powermatic 80 C029.426.11.041.00 nổi bật với thiết kế tinh tế và công nghệ tiên tiến. Vỏ thép không gỉ kết hợp với mặt số màu bạc tạo nên vẻ đẹp trang nhã và hiện đại. Đồng hồ trang bị cơ chế Powermatic 80, cung cấp khả năng dự trữ năng lượng lên đến 80 giờ, cùng với chức năng Big Date ở vị trí 6 giờ, giúp dễ dàng đọc ngày một cách rõ ràng. Các chỉ số giờ và kim đồng hồ được thiết kế tinh xảo với ánh sáng phát quang, cho phép đọc giờ trong điều kiện ánh sáng yếu. Dây đeo bằng da cao cấp màu nâu hoàn thiện phong cách cổ điển và sang trọng của đồng hồ. Certina DS-1 Big Date Powermatic 80 không chỉ là một phụ kiện thời trang mà còn là biểu tượng của sự chính xác và sự đổi mới trong thiết kế đồng hồ.', 'Nam', 100, 'C029.426.11.041.00', 'Automatic (Máy cơ tự động)', '41mm', 'Thụy Sỹ', 'Thép không gỉ 316L', '100m', 'Thép không gỉ 316L', 'Sapphire', 'Xanh lam', 'Sang trọng', 'Mặt tròn', '2024-08-05 11:59:13', '5'),
('43', 'Đồng hồ nam Certina Sport', 'CERTINA DS-2 FLYBACK C024.618.26.031.00', 26270000, 23643000, '43.webp', 'Đồng hồ Certina DS-2 Flyback C024.618.26.031.00 nổi bật với thiết kế thể thao và tính năng cao cấp. Vỏ thép không gỉ kết hợp với mặt số màu đen và các chỉ số giờ rõ ràng, mang đến vẻ ngoài mạnh mẽ và hiện đại. Đồng hồ trang bị chức năng Flyback, cho phép bạn đặt lại đồng hồ bấm giờ một cách nhanh chóng và dễ dàng, lý tưởng cho các hoạt động thể thao. Các kim đồng hồ và chỉ số giờ được thiết kế với ánh sáng phát quang, giúp dễ dàng đọc giờ trong điều kiện ánh sáng yếu. Dây đeo bằng cao su hoặc thép không gỉ hoàn thiện phong cách thể thao của đồng hồ. Certina DS-2 Flyback không chỉ là một phụ kiện thời trang mà còn là biểu tượng của sự chính xác và hiệu suất cao trong thiết kế đồng hồ.', 'Nam', 100, 'C024.618.26.031.00', 'Quartz Chronograph (Máy pin bấm giờ thể thao)', '43mm', 'Thụy Sỹ', 'Dây da', '100m', 'Thép không gỉ mạ vàng công nghệ PVD', 'Sapphire', 'Trắng', 'Thể thao', 'Mặt tròn', '2024-08-05 12:01:53', '5'),
('44', 'ĐỒNG HỒ CERTINA SPORT', 'CERTINA DS-2 CHRONOGRAPH C024.447.26.031.00', 24300000, 21870000, '44.webp', 'Đồng hồ Certina DS-2 Chronograph C024.447.26.031.00 nổi bật với thiết kế thể thao và tính năng đa dạng. Vỏ thép không gỉ kết hợp với mặt số màu đen tạo nên vẻ ngoài mạnh mẽ và hiện đại. Đồng hồ trang bị chức năng chronograph với ba mặt đồng hồ phụ, cho phép bạn đo thời gian một cách chính xác và dễ dàng. Các kim đồng hồ và chỉ số giờ được thiết kế rõ ràng với ánh sáng phát quang, giúp dễ dàng đọc giờ trong điều kiện ánh sáng yếu. Dây đeo bằng thép không gỉ hoặc cao su, tùy thuộc vào phiên bản, hoàn thiện phong cách thể thao và bền bỉ của đồng hồ. Certina DS-2 Chronograph không chỉ là một phụ kiện thời trang mà còn là biểu tượng của sự chính xác và hiệu suất cao trong thiết kế đồng hồ.', 'Nam', 100, 'C024.447.26.031.00', 'Quartz Chronograph (Máy pin bấm giờ thể thao)', '41mm', 'Thụy Sỹ', 'Dây da', '100m', 'Thép không gỉ mạ vàng công nghệ PVD', 'Sapphire', 'Trắng', 'Thể thao', 'Mặt tròn', '2024-08-05 12:04:26', '5'),
('45', 'Đồng hồ nữ Certina Urban', 'CERTINA DS PODIUM C025.210.36.118.00', 13460000, 12114000, '45.webp', 'Đồng hồ Certina DS Podium C025.210.36.118.00 nổi bật với thiết kế thể thao và sang trọng. Vỏ thép không gỉ kết hợp với mặt số màu đen, mang đến vẻ ngoài hiện đại và mạnh mẽ. Đồng hồ có các chỉ số giờ và kim đồng hồ rõ ràng, với chi tiết phát quang giúp dễ dàng đọc giờ trong điều kiện ánh sáng yếu. Chức năng chống nước và độ bền cao làm cho nó phù hợp với các hoạt động thể thao. Dây đeo bằng cao su hoặc thép không gỉ (tùy phiên bản) hoàn thiện phong cách thể thao và chắc chắn của đồng hồ. Certina DS Podium không chỉ là một phụ kiện thời trang mà còn là biểu tượng của sự chính xác và sự bền bỉ trong thiết kế đồng hồ.', 'Nữ', 100, 'C025.210.36.118.00', 'Quartz (Máy pin - điện tử)', '32.5mm', 'Thụy Sỹ', 'Dây da', '100m', 'Thép không gỉ mạ vàng công nghệ PVD', 'Sapphire', 'Khảm trai', 'Hiện đại', 'Mặt tròn', '2024-08-05 12:06:53', '5');
INSERT INTO `san_pham` (`_id`, `ten_san_pham`, `ten`, `gia_san_pham`, `gia_giam`, `hinh_anh`, `mo_ta`, `gioi_tinh`, `so_luong`, `ma_san_pham`, `loai_may`, `duong_kinh`, `xuat_xu`, `chat_lieu_day`, `do_chiu_nuoc`, `chat_lieu_vo`, `mat_kinh`, `mau_mat`, `phong_cach`, `kieu_dang`, `createdAt`, `id_danh_muc`) VALUES
('46', 'Đồng hồ nam Certina Urban', 'CERTINA DS-8 POWERMATIC 80 C033.407.22.031.00', 25290000, 22761000, '46.webp', 'Đồng hồ Certina DS-8 Powermatic 80 C033.407.22.031.00 nổi bật với thiết kế thanh lịch và công nghệ tiên tiến. Vỏ thép không gỉ kết hợp với mặt số màu đen tạo nên vẻ đẹp trang nhã và hiện đại. Đồng hồ trang bị cơ chế Powermatic 80, cung cấp khả năng dự trữ năng lượng lên đến 80 giờ, đảm bảo sự chính xác và độ tin cậy cao. Các chỉ số giờ và kim đồng hồ được thiết kế rõ ràng, với ánh sáng phát quang giúp dễ dàng đọc giờ trong điều kiện ánh sáng yếu. Cửa sổ lịch ngày ở vị trí 3 giờ tăng cường tính tiện ích. Dây đeo bằng da cao cấp màu nâu hoàn thiện phong cách cổ điển của đồng hồ. Certina DS-8 Powermatic 80 không chỉ là một phụ kiện thời trang mà còn là biểu tượng của sự chính xác và sự đổi mới trong thiết kế đồng hồ.', 'Nam', 100, 'C033.407.22.031.00', 'Automatic (Máy cơ tự động)', '39mm', 'Thụy Sỹ', 'Thép không gỉ 316L mạ vàng công nghệ PVD', '100m', 'Thép không gỉ mạ vàng công nghệ PVD', 'Sapphire', 'Trắng', 'Hiện đại', 'Mặt tròn', '2024-08-05 12:09:26', '5'),
('47', 'Đồng hồ nữ Certina Urban', 'CERTINA DS PODIUM C001.007.22.116.00', 24630000, 22167000, '47.webp', 'Đồng hồ Certina DS Podium C001.007.22.116.00 nổi bật với thiết kế thể thao và thanh lịch. Vỏ thép không gỉ kết hợp với mặt số màu bạc tạo nên vẻ đẹp hiện đại và tinh tế. Các chỉ số giờ và kim đồng hồ được thiết kế rõ ràng và dễ đọc, với chi tiết phát quang giúp dễ dàng theo dõi thời gian trong điều kiện ánh sáng yếu. Đồng hồ cũng trang bị chức năng chống nước, làm cho nó phù hợp với các hoạt động thể thao và sinh hoạt hàng ngày. Dây đeo bằng da cao cấp màu đen hoặc dây thép không gỉ tùy thuộc vào phiên bản, hoàn thiện phong cách thể thao và sang trọng của đồng hồ. Certina DS Podium không chỉ là một phụ kiện thời trang mà còn là biểu tượng của sự chính xác và sự bền bỉ trong thiết kế đồng hồ.', 'Nữ', 100, 'C001.007.22.116.00', 'Automatic (Máy cơ tự động)', '29mm', 'Thụy Sỹ', 'Thép không gỉ 316L mạ vàng công nghệ PVD', '100m', 'Thép không gỉ mạ vàng công nghệ PVD', 'Sapphire', 'Khảm trai', 'Hiện đại', 'Mặt tròn', '2024-08-05 12:12:34', '5'),
('48', 'ĐỒNG HỒ CERTINA URBAN', 'CERTINA DS-8 MOON PHASE C033.450.22.031.00', 26600000, 23940000, '48.webp', 'Đồng hồ Certina DS-8 Moon Phase C033.450.22.031.00 nổi bật với thiết kế tinh tế và chức năng cao cấp. Vỏ thép không gỉ kết hợp với mặt số màu bạc tạo nên vẻ đẹp sang trọng và hiện đại. Điểm nhấn của đồng hồ là chức năng Moon Phase, cho phép bạn theo dõi các giai đoạn của mặt trăng với một cửa sổ đặc biệt trên mặt số. Đồng hồ còn trang bị cơ chế Powermatic 80, cung cấp khả năng dự trữ năng lượng lên đến 80 giờ, đảm bảo sự chính xác và độ tin cậy cao. Các chỉ số giờ và kim đồng hồ được thiết kế rõ ràng với ánh sáng phát quang, giúp dễ dàng đọc giờ trong điều kiện ánh sáng yếu. Cửa sổ lịch ngày ở vị trí 3 giờ và dây đeo bằng da cao cấp màu nâu hoàn thiện phong cách cổ điển của đồng hồ. Certina DS-8 Moon Phase không chỉ là một phụ kiện thời trang mà còn là biểu tượng của sự chính xác và sự tinh tế trong thiết kế đồng hồ.', 'Nam', 100, 'C033.450.22.031.00', 'Quartz Chronograph (Máy pin bấm giờ thể thao)', '42mm', 'Thụy Sỹ', 'Thép không gỉ 316L mạ vàng công nghệ PVD', '100m', 'Thép không gỉ mạ vàng công nghệ PVD', 'Sapphire', 'Khảm trai', 'Hiện đại', 'Mặt tròn', '2024-08-05 12:14:38', '5'),
('49', 'Đồng hồ nam Certina Aqua', 'CERTINA DS-8 MOON PHASE C033.450.22.031.00', 26270000, 23643000, '49.webp', 'Đồng hồ Certina DS Action Diver Powermatic 80 C032.407.17.051.60 nổi bật với thiết kế thể thao và tính năng chống nước tuyệt vời. Vỏ thép không gỉ kết hợp với mặt số màu đen tạo nên vẻ ngoài mạnh mẽ và hiện đại. Đồng hồ trang bị cơ chế Powermatic 80, cung cấp khả năng dự trữ năng lượng lên đến 80 giờ, đảm bảo sự chính xác và độ tin cậy cao. Chức năng chống nước lên đến 300 mét làm cho nó lý tưởng cho lặn biển và các hoạt động dưới nước. Các chỉ số giờ và kim đồng hồ được thiết kế rõ ràng với chi tiết phát quang, giúp dễ dàng đọc giờ trong điều kiện ánh sáng yếu. Dây đeo bằng cao su màu đen hoàn thiện phong cách thể thao và chắc chắn của đồng hồ. Certina DS Action Diver Powermatic 80 không chỉ là một phụ kiện thời trang mà còn là biểu tượng của sự bền bỉ và hiệu suất cao trong thiết kế đồng hồ.', 'Nam', 100, 'C032.407.17.051.60', 'Automatic (Máy cơ tự động)', '43mm', 'Thụy Sỹ', 'Dây cao su', '300m', 'Thép không gỉ 316L', 'Sapphire', 'Khảm trai', 'Thể thao', 'Mặt tròn', '2024-08-05 12:17:22', '5'),
('5', 'Đồng hồ nam Longines Presence', 'ĐỒNG HỒ LONGINES PRESENCE AUTOMATIC ROMAN L4.921.2.11.2', 37375000, 33637000, '5.webp', 'Đồng hồ Longines Presence Automatic Roman L4.921.2.11.2 là một mẫu đồng hồ thanh lịch và tinh tế, mang đến sự kết hợp hoàn hảo giữa thiết kế cổ điển và chức năng hiện đại. Với vỏ thép không gỉ và mặt số màu bạc trang nhã, đồng hồ này nổi bật với các chữ số La Mã tinh xảo và các chỉ số giờ rõ ràng. Được trang bị cơ chế tự động, nó đảm bảo độ chính xác cao và sự bền bỉ. Đồng hồ Longines Presence Automatic Roman không chỉ là một phụ kiện thời trang mà còn là biểu tượng của sự thanh lịch và sự tinh tế trong thiết kế đồng hồ cổ điển.', 'Nam', 100, 'L4.921.2.11.2', 'Automatic (Máy cơ tự động)', '38.5mm', 'Thụy Sỹ', 'Dây da', '30m', 'Thép không gỉ mạ vàng công nghệ PVD', 'Sapphire', 'Trắng', 'Sang trọng', 'Mặt tròn', '2024-08-05 10:16:19', '1'),
('50', 'Đồng hồ nam Certina Urban', 'CERTINA DS-8 MOON PHASE C033.457.36.051.00 So sánh', 15760000, 14184000, '50.webp', 'Đồng hồ Certina DS-8 Moon Phase C033.457.36.051.00 nổi bật với thiết kế sang trọng và chức năng độc đáo. Vỏ thép không gỉ mạ vàng hồng kết hợp với mặt số màu đen tạo nên vẻ đẹp hiện đại và tinh tế. Điểm nhấn của đồng hồ là chức năng Moon Phase, hiển thị các giai đoạn của mặt trăng thông qua một cửa sổ đặc biệt trên mặt số, mang lại sự hấp dẫn và phong cách đặc biệt. Đồng hồ còn được trang bị chức năng lịch ngày, với cửa sổ ngày nhỏ ở vị trí 6 giờ. Các chỉ số giờ và kim đồng hồ được thiết kế rõ ràng với chi tiết phát quang, giúp dễ dàng đọc giờ trong điều kiện ánh sáng yếu. Dây đeo bằng da cao cấp màu đen hoàn thiện phong cách cổ điển và thanh lịch của đồng hồ. Certina DS-8 Moon Phase C033.457.36.051.00 không chỉ là một phụ kiện thời trang mà còn là biểu tượng của sự chính xác và sự tinh tế trong thiết kế đồng hồ.', 'Nam', 100, 'C033.457.36.051.00', 'Quartz Chronometer (Máy pin chuẩn COSC)', '41mm', 'Thụy Sỹ', 'Dây da', '100m', 'Thép không gỉ mạ vàng công nghệ PVD', 'Sapphire', 'Đen', 'Hiện đại', 'Mặt tròn', '2024-08-05 12:20:41', '5'),
('51', 'Đồng hồ nữ Titoni Airmaster', 'ĐỒNG HỒ NỮ TITONI AIRMASTER 23909 SY-063', 31621000, 25296800, '51.webp', 'Đồng hồ nữ Titoni Airmaster 23909 SY-063 nổi bật với thiết kế thanh lịch và tinh tế. Vỏ thép không gỉ mạ vàng kết hợp với mặt số màu trắng tạo nên vẻ đẹp sang trọng và hiện đại. Các chỉ số giờ và kim đồng hồ được thiết kế rõ ràng, với chi tiết mạ vàng làm tăng thêm sự quý phái và dễ đọc. Đồng hồ có cửa sổ lịch ngày ở vị trí 3 giờ, cung cấp thêm tính tiện dụng cho người đeo. Dây đeo thép không gỉ mạ vàng hoàn thiện phong cách thanh lịch và đẳng cấp của đồng hồ. Titoni Airmaster 23909 SY-063 không chỉ là một phụ kiện thời trang mà còn là biểu tượng của sự chính xác và sự sang trọng trong thiết kế đồng hồ. Đây là lựa chọn hoàn hảo cho những phụ nữ yêu thích phong cách thanh lịch và tinh tế.', 'Nữ', 100, '23909 SY-063', 'Automatic (Máy cơ tự động)', '27mm', 'Thụy Sỹ', 'Thép không gỉ 316L mạ vàng công nghệ PVD', '50m', 'Thép không gỉ mạ vàng công nghệ PVD', 'Sapphire', 'Trắng', 'Sang trọng', 'Mặt tròn', '2024-08-05 12:23:57', '6'),
('52', 'Đồng hồ nữ Titoni Airmaster', 'ĐỒNG HỒ NỮ TITONI AIRMASTER 23909 SY-064', 31621000, 25296800, '52.webp', 'Đồng hồ nữ Titoni Airmaster 23909 SY-064 nổi bật với thiết kế thanh lịch và tinh tế. Vỏ thép không gỉ mạ vàng kết hợp với mặt số màu trắng ngọc trai tạo nên vẻ đẹp sang trọng và hiện đại. Các chỉ số giờ và kim đồng hồ được thiết kế rõ ràng, với chi tiết mạ vàng làm tăng thêm sự quý phái và dễ đọc. Đồng hồ có cửa sổ lịch ngày ở vị trí 3 giờ, cung cấp thêm tính tiện dụng cho người đeo. Dây đeo thép không gỉ mạ vàng hoàn thiện phong cách thanh lịch và đẳng cấp của đồng hồ. Titoni Airmaster 23909 SY-064 không chỉ là một phụ kiện thời trang mà còn là biểu tượng của sự chính xác và sự sang trọng trong thiết kế đồng hồ. Đây là lựa chọn hoàn hảo cho những phụ nữ yêu thích phong cách thanh lịch và tinh tế.', 'Nữ', 100, '23909 SY-064', 'Automatic (Máy cơ tự động)', '27mm', 'Thụy Sỹ', 'Thép không gỉ 316L mạ vàng công nghệ PVD', '50m', 'Thép không gỉ mạ vàng công nghệ PVD', 'Sapphire', 'Vàng', 'Sang trọng', 'Mặt tròn', '2024-08-05 12:25:38', '6'),
('53', 'Đồng hồ nam Titoni Slenderline', 'TITONI SLENDERLINE TQ52918 S-584', 12100000, 9680000, '53.webp', 'Đồng hồ Titoni Slenderline TQ52918 S-584 nổi bật với thiết kế mỏng nhẹ và thanh lịch. Vỏ thép không gỉ kết hợp với mặt số màu trắng tạo nên vẻ đẹp tinh tế và hiện đại. Các chỉ số giờ được thiết kế rõ ràng với kim đồng hồ mảnh, mang đến sự thanh thoát và dễ đọc. Thiết kế mỏng của đồng hồ mang lại cảm giác nhẹ nhàng và thoải mái khi đeo. Dây đeo bằng thép không gỉ hoàn thiện phong cách sang trọng và tinh tế của đồng hồ. Titoni Slenderline TQ52918 S-584 không chỉ là một phụ kiện thời trang mà còn là biểu tượng của sự chính xác và thanh lịch trong thiết kế đồng hồ. Đây là lựa chọn hoàn hảo cho những người yêu thích phong cách tối giản và thanh lịch.', 'Nam', 100, 'TQ52918 S-584', 'Quartz (Máy pin - điện tử)', '38mm', 'Thụy Sỹ', 'Thép không gỉ 316L', '30m', 'Thép không gỉ 316L', 'Sapphire', 'Trắng', 'Sang trọng', 'Mặt tròn', '2024-08-05 12:28:41', '6'),
('54', 'Đồng hồ nam Titoni Slenderline', 'TITONI SLENDERLINE TQ52918 SRG-583', 16100000, 12880000, '54.webp', 'Đồng hồ Titoni Slenderline TQ52918 SRG-583 nổi bật với thiết kế mỏng nhẹ và sang trọng. Vỏ thép không gỉ mạ vàng hồng kết hợp với mặt số màu trắng tạo nên vẻ đẹp tinh tế và hiện đại. Các chỉ số giờ và kim đồng hồ mạ vàng hồng tạo điểm nhấn thanh lịch, giúp dễ dàng đọc giờ. Thiết kế mỏng của đồng hồ mang lại cảm giác nhẹ nhàng và thoải mái khi đeo. Dây đeo bằng thép không gỉ mạ vàng hồng hoàn thiện phong cách sang trọng và đẳng cấp của đồng hồ. Titoni Slenderline TQ52918 SRG-583 không chỉ là một phụ kiện thời trang mà còn là biểu tượng của sự chính xác và tinh tế trong thiết kế đồng hồ. Đây là lựa chọn hoàn hảo cho những người yêu thích phong cách thanh lịch và tinh tế.', 'Nam', 100, 'TQ52918 SRG-583', 'Quartz (Máy pin - điện tử)', '38mm', 'Thụy Sỹ', 'Thép không gỉ 316L mạ vàng công nghệ PVD', '30m', 'Thép không gỉ mạ vàng công nghệ PVD', 'Sapphire', 'Trắng', 'Sang trọng', 'Mặt tròn', '2024-08-05 12:31:05', '6'),
('55', 'Đồng hồ nữ Titoni Miss Lovely', 'TITONI MISS LOVELY 23978 SRG-STC622', 31000000, 24802000, '55.webp', 'Đồng hồ Titoni Miss Lovely 23978 SRG-STC622 là sự kết hợp hoàn hảo giữa thiết kế nữ tính và sang trọng. Vỏ thép không gỉ mạ vàng hồng kết hợp với mặt số màu trắng ngọc trai tạo nên vẻ đẹp tinh tế và quyến rũ. Các chỉ số giờ và kim đồng hồ mạ vàng hồng tạo điểm nhấn thanh lịch, giúp dễ dàng đọc giờ. Mặt số còn được tô điểm bằng các viên kim cương nhỏ tại các vị trí giờ, tăng thêm phần lộng lẫy và đẳng cấp. Dây đeo bằng da cao cấp màu nâu hoàn thiện phong cách quý phái và thoải mái của đồng hồ. Titoni Miss Lovely 23978 SRG-STC622 không chỉ là một phụ kiện thời trang mà còn là biểu tượng của sự tinh tế và sự quyến rũ trong thiết kế đồng hồ. Đây là lựa chọn hoàn hảo cho những phụ nữ yêu thích phong cách nữ tính và sang trọng.', 'Nữ', 100, '23978 SRG-STC622', 'Automatic (Máy cơ tự động)', '38mm', 'Thụy Sỹ', 'Dây da', '50m', 'Thép không gỉ 316L', 'Sapphire', 'Trắng', 'Sang trọng', 'Mặt tròn', '2024-08-05 12:34:04', '6'),
('56', 'Đồng hồ nam Titoni Seascoper', 'ĐỒNG HỒ NAM TITONI SEASCOPER 300 83300 S-BE-705', 50200000, 40160000, '56.webp', 'Đồng hồ nam Titoni Seascoper 300 83300 S-BE-705 là sự kết hợp hoàn hảo giữa thiết kế thể thao và tính năng vượt trội. Vỏ thép không gỉ chắc chắn với mặt số màu xanh biển tạo nên vẻ đẹp mạnh mẽ và hiện đại. Đồng hồ có khả năng chống nước lên đến 300 mét, làm cho nó lý tưởng cho các hoạt động dưới nước và lặn biển.', 'Nam', 100, '83300 S-BE-705', 'Automatic Chronometer (Máy cơ tự động chuẩn COSC)', '42mm', 'Thụy Sỹ', 'Thép không gỉ 316L', '300m', 'Thép không gỉ 316L/ Ceramic', 'Sapphire', 'Xanh lam', 'Thể thao', 'Mặt tròn', '2024-08-05 12:36:57', '6'),
('57', 'Đồng hồ nữ Titoni Airmaster', 'TITONI AIRMASER 23733 SY-556', 31621000, 25968000, '57.webp', 'Đồng hồ Titoni Airmaster 23733 SY-556 là sự kết hợp hoàn hảo giữa thiết kế cổ điển và tính năng hiện đại. Vỏ thép không gỉ mạ vàng kết hợp với mặt số màu trắng tạo nên vẻ đẹp sang trọng và thanh lịch. Các chỉ số giờ và kim đồng hồ mạ vàng tạo điểm nhấn quý phái, giúp dễ dàng đọc giờ. Cửa sổ lịch ngày ở vị trí 3 giờ cung cấp thêm tính tiện dụng cho người đeo. Dây đeo thép không gỉ mạ vàng hoàn thiện phong cách đẳng cấp và tinh tế của đồng hồ. Titoni Airmaster 23733 SY-556 không chỉ là một phụ kiện thời trang mà còn là biểu tượng của sự chính xác và sự sang trọng trong thiết kế đồng hồ. Đây là lựa chọn hoàn hảo cho những người yêu thích phong cách cổ điển và thanh lịch.', 'Nữ', 100, '23733 SY-556', 'Automatic (Máy cơ tự động)', '29mm', 'Thụy Sỹ', 'Thép không gỉ 316L mạ vàng công nghệ PVD', '50m', 'Thép không gỉ mạ vàng công nghệ PVD', 'Sapphire', 'Trắng', 'Sang trọng', 'Mặt tròn', '2024-08-05 12:39:23', '6'),
('58', 'Đồng hồ nam Titoni Space Star', 'TITONI SPACE STAR 83638 SY-ST-606', 35638000, 28510000, '58.webp', 'Đồng hồ Titoni Space Star 83638 SY-ST-606 nổi bật với thiết kế tinh tế và sang trọng. Vỏ thép không gỉ mạ vàng kết hợp với mặt số màu trắng ngọc trai tạo nên vẻ đẹp quý phái và hiện đại. Các chỉ số giờ và kim đồng hồ mạ vàng tạo điểm nhấn thanh lịch, giúp dễ dàng đọc giờ. Cửa sổ lịch ngày ở vị trí 3 giờ mang lại sự tiện dụng cho người đeo. Dây đeo thép không gỉ mạ vàng hoàn thiện phong cách thanh lịch và đẳng cấp của đồng hồ. Mặt kính sapphire chống trầy xước bảo vệ đồng hồ khỏi những va chạm hàng ngày. Titoni Space Star 83638 SY-ST-606 không chỉ là một phụ kiện thời trang mà còn là biểu tượng của sự chính xác và tinh tế trong thiết kế đồng hồ. Đây là lựa chọn hoàn hảo cho những người yêu thích phong cách sang trọng và tinh tế.', 'Nam', 100, '23733 SY-556', 'Automatic (Máy cơ tự động)', '40mm', 'Thụy Sỹ', 'Dây da', '50m', 'Thép không gỉ mạ vàng công nghệ PVD', 'Sapphire', 'Trắng', 'Hiện đại', 'Mặt tròn', '2024-08-05 12:42:15', '6'),
('59', 'Đồng hồ nữ Titoni Cosmo', 'ĐỒNG HỒ NỮ TITONI COSMO QUEEN 729 S-307', 27192000, 21753000, '59.webp', 'Đồng hồ nữ Titoni Cosmo Queen 729 S-307 là sự kết hợp hoàn hảo giữa sự tinh tế và sang trọng. Vỏ thép không gỉ sáng bóng kết hợp với mặt số màu trắng ngọc trai tạo nên vẻ đẹp thanh lịch và quý phái. Các chỉ số giờ và kim đồng hồ được mạ vàng, tạo điểm nhấn lộng lẫy và dễ đọc. Mặt số còn được tô điểm bằng các viên kim cương nhỏ tại các vị trí giờ, tăng thêm phần đẳng cấp và lộng lẫy. Cửa sổ lịch ngày ở vị trí 3 giờ cung cấp thêm tính tiện dụng cho người đeo. Dây đeo bằng thép không gỉ sáng bóng hoàn thiện phong cách thanh lịch và thoải mái của đồng hồ. Mặt kính sapphire chống trầy xước bảo vệ đồng hồ khỏi những va chạm hàng ngày.', 'Nữ', 100, '729 S-307', 'Automatic (Máy cơ tự động)', '27mm', 'Thụy Sỹ', 'Thép không gỉ 316L', '100m', 'Thép không gỉ 316L', 'Sapphire', 'Trắng', 'Hiện đại', 'Mặt tròn', '2024-08-05 12:44:36', '6'),
('6', 'Đồng hồ nam Longines Hydroconquest', 'ĐỒNG HỒ NAM LONGINES HYDROCONQUEST L3.781.3.08.7', 53187000, 47868000, '6.webp', 'Đồng hồ nam Longines HydroConquest L3.781.3.08.7 là một mẫu đồng hồ thể thao cao cấp, nổi bật với thiết kế mạnh mẽ và tính năng bền bỉ. Với vỏ thép không gỉ và mặt số màu xanh đậm, đồng hồ này không chỉ thể hiện phong cách thể thao mà còn đảm bảo độ bền và chức năng vượt trội. Trang bị cơ chế tự động và khả năng chống nước, Longines HydroConquest L3.781.3.08.7 phù hợp với những hoạt động dưới nước và các điều kiện khắc nghiệt. Đồng hồ này không chỉ là một phụ kiện thời trang mà còn là biểu tượng của sự đổi mới và độ tin cậy trong thiết kế đồng hồ thể thao.', 'Nam', 100, 'L3.781.3.08.7', 'Automatic (Máy cơ tự động)', '41mm', 'Thụy Sỹ', 'Thép không gỉ 316L mạ vàng công nghệ PVD', '300m', 'Thép không gỉ 316L/ Ceramic', 'Sapphire', 'Xanh Lá', 'Thể thao sang trọng', 'Mặt tròn', '2024-08-05 10:18:59', '1'),
('60', 'Đồng hồ nữ Titoni Slenderline', 'TITONI SLENDERLINE TQ42918 S-ST-587', 11770000, 9416000, '60.webp', 'Đồng hồ Titoni Slenderline TQ42918 S-ST-587 là một mẫu đồng hồ thanh lịch và tinh tế, hoàn hảo cho những ai yêu thích sự đơn giản nhưng vẫn sang trọng. Vỏ thép không gỉ sáng bóng kết hợp với mặt số màu trắng tạo nên vẻ đẹp tinh tế và hiện đại. Các chỉ số giờ và kim đồng hồ mảnh, mạ bạc hoặc vàng, góp phần tạo nên sự thanh thoát và dễ đọc. Dây đeo bằng thép không gỉ hoặc da, tùy theo phiên bản, mang lại sự thoải mái và phong cách quý phái. Mặt kính sapphire chống trầy xước bảo vệ đồng hồ khỏi những va chạm hàng ngày và giữ cho mặt số luôn sáng đẹp.', 'Nữ', 100, '729 S-307', 'Quartz (Máy pin - điện tử)', '27mm', 'Thụy Điển', 'Dây da', '30m', 'Thép không gỉ 316L', 'Sapphire', 'Khảm trai', 'Sang trọng', 'Mặt tròn', '2024-08-05 12:47:07', '6'),
('61', 'Đồng hồ nữ Frederique Constant', 'ĐỒNG HỒ NỮ FREDERIQUE CONSTANT SLIMLINE MOONPHASE FC-206MPND1S6', 28860000, 24378000, '61.webp', 'Đồng hồ nữ Frederique Constant Slimline Moonphase FC-206MPND1S6 là một mẫu đồng hồ tinh tế và thanh lịch, nổi bật với thiết kế cổ điển và chức năng moonphase đặc biệt. Vỏ thép không gỉ mạ vàng hồng kết hợp với mặt số màu trắng ngọc trai tạo nên vẻ đẹp sang trọng và quý phái. Các chỉ số giờ và kim đồng hồ mạ vàng hồng được thiết kế thanh mảnh, dễ đọc, và cửa sổ moonphase ở vị trí 6 giờ thêm phần lôi cuốn, cho phép theo dõi các giai đoạn của mặt trăng. Đồng hồ còn trang bị cửa sổ lịch ngày ở vị trí 3 giờ, mang lại tính tiện dụng cho người đeo.', 'Nữ', 100, 'FC-206MPND1S6', 'Quartz (Máy pin - điện tử)', '30mm', 'Thụy Sỹ', 'Dây da', '30m', 'Thép không gỉ 316L', 'Sapphire', 'Khảm trai', 'Sang trọng', 'Mặt tròn', '2024-08-05 12:51:13', '7'),
('62', 'Đồng hồ nam Frederique Constant', 'ĐỒNG HỒ NAM FREDERIQUE CONSTANT TRIPLE CALENDAR FC-296SW5B6B', 33710000, 28653000, '62.webp', 'Đồng hồ nam Frederique Constant Triple Calendar FC-296SW5B6B có thiết kế thanh lịch với mặt số trắng và vỏ thép không gỉ. Tích hợp lịch ngày, tuần, và tháng, cùng kim mạ bạc. Dây da nâu và mặt kính sapphire chống trầy xước hoàn thiện phong cách quý phái. Lựa chọn hoàn hảo cho sự tinh tế và chính xác.', 'Nam', 100, 'FC-296SW5B6B', 'Quartz Chronograph (Máy pin bấm giờ thể thao)', '40mm', 'Thụy Sỹ', 'Thép không gỉ 316L', '50m', 'Thép không gỉ 316L', 'Sapphire', 'Trắng', 'Sang trọng', 'Mặt tròn', '2024-08-05 12:53:51', '7'),
('63', 'Đồng hồ nữ Frederique Constant', 'ĐỒNG HỒ FREDERIQUE CONSTANT CLASSICS ART DÉCO FC-200MPW2AR2B', 31230000, 26545000, '63.webp', 'Đồng hồ Frederique Constant Classics Art Déco FC-200MPW2AR2B có thiết kế cổ điển với mặt số màu trắng và vỏ thép không gỉ mạ vàng. Tính năng moonphase và lịch ngày tạo sự tinh tế, trong khi dây da màu nâu hoàn thiện phong cách sang trọng. Mặt kính sapphire chống trầy xước bảo vệ mặt số.', 'Nam', 100, 'FC-200MPW2AR2B', 'Quartz (Máy pin - điện tử)', '30mm', 'Thụy Sỹ', 'Thép không gỉ 316L mạ vàng công nghệ PVD', '30m', 'Thép không gỉ mạ vàng công nghệ PVD', 'Sapphire', 'Trắng', 'Sang trọng', 'Mặt tròn', '2024-08-05 12:56:22', '7'),
('64', 'Đồng hồ nữ Frederique Constant', 'FREDERIQUE CONSTANT CLASSICS CARRÉE LADIES FC-200MC16', 20100000, 17085000, '64.webp', 'Đồng hồ Frederique Constant Classics Carrée Ladies FC-200MC16 có thiết kế hình vuông thanh lịch với mặt số màu trắng và vỏ thép không gỉ mạ vàng. Kim và chỉ số mạ vàng tạo điểm nhấn quý phái. Dây da màu nâu và mặt kính sapphire chống trầy xước hoàn thiện phong cách sang trọng.', 'Nữ', 100, 'FC-200MC16', 'Quartz (Máy pin - điện tử)', '23mm - 21mm', 'Thụy Sỹ', 'Dây da', '30m', 'Thép không gỉ 316L', 'Sapphire', 'Trắng', 'Sang trọng', 'Mặt chữ nhật', '2024-08-05 12:58:39', '7'),
('65', 'Đồng hồ nam Frederique Constant', 'FREDERIQUE CONSTANT CLASSICS CARRÉE FC-310MC4S36', 38490000, 32716000, '65.webp', 'Đồng hồ Frederique Constant Classics Carrée FC-310MC4S36 có thiết kế hình vuông tinh tế với mặt số màu trắng và vỏ thép không gỉ mạ vàng hồng. Các chỉ số và kim mạ vàng hồng tạo điểm nhấn sang trọng. Dây da màu nâu và mặt kính sapphire chống trầy xước hoàn thiện phong cách thanh lịch và hiện đại.', 'Nam', 100, 'FC-310MC4S36', 'Automatic (Máy cơ tự động)', '33.3mm - 30.4mm', 'Thụy Sỹ', 'Dây da', '30m', 'Thép không gỉ 316L', 'Sapphire', 'Trắng', 'Sang trọng', 'Mặt chữ nhật', '2024-08-05 13:00:52', '7'),
('66', 'Đồng hồ nam Frederique Constant', 'FREDERIQUE CONSTANT SLIMLINE FC-245V5S4', 25920000, 22032000, '66.webp', 'Đồng hồ Frederique Constant Slimline FC-245V5S4 có thiết kế thanh mảnh với mặt số màu trắng và vỏ thép không gỉ. Kim và chỉ số giờ mạ bạc tạo điểm nhấn tinh tế. Dây da màu nâu và mặt kính sapphire chống trầy xước hoàn thiện phong cách thanh lịch và hiện đại.', 'Nam', 100, 'FC-245V5S4', 'Quartz (Máy pin - điện tử)', '39mm', 'Thụy Sỹ', 'Dây cao su', '30m', 'Thép không gỉ mạ vàng công nghệ PVD', 'Sapphire', 'Trắng', 'Sang trọng', 'Mặt tròn', '2024-08-05 13:03:44', '7'),
('67', 'Đồng hồ nam Frederique Constant', 'ĐỒNG HỒ FREDERIQUE CONSTANT FC-292MC4P6B2', 30070000, 25559000, '67.webp', 'Đồng hồ Frederique Constant FC-292MC4P6B2 có thiết kế tinh tế với mặt số màu trắng và vỏ thép không gỉ. Chức năng lịch ngày và các chỉ số mạ bạc tạo điểm nhấn thanh lịch. Dây da màu nâu và mặt kính sapphire chống trầy xước hoàn thiện phong cách quý phái.', 'Nam', 100, 'FC-292MC4P6B2', 'Quartz Chronograph (Máy pin bấm giờ thể thao)', '40mm', 'Thụy Sỹ', 'Thép không gỉ 316L', '60m', 'Thép không gỉ 316L', 'Sapphire', 'Trắng', 'Thể thao sang trọng', 'Mặt tròn', '2024-08-05 13:05:57', '7'),
('68', 'Đồng hồ nữ Frederique Constant', 'ĐỒNG HỒ FREDERIQUE CONSTANT SLIMLINE MOONPHASE FC-206MPWD1SD6B', 84021000, 71417000, '68.webp', 'Đồng hồ Frederique Constant Slimline Moonphase FC-206MPWD1SD6B có thiết kế thanh lịch với mặt số trắng và vỏ thép không gỉ. Chức năng moonphase và cửa sổ lịch ngày tạo điểm nhấn tinh tế. Dây da màu nâu và mặt kính sapphire chống trầy xước hoàn thiện phong cách sang trọng.', 'Nam', 100, 'FC-206MPWD1SD6B', 'Quartz (Máy pin - điện tử)', '30mm', 'Thụy Sỹ', 'Thép không gỉ 316L', '30m', 'Thép không gỉ 316L', 'Sapphire', 'Trắng', 'Sang trọng', 'Mặt tròn', '2024-08-05 13:08:39', '7'),
('69', 'Đồng hồ nam Frederique Constant', 'ĐỒNG HỒ FREDERIQUE CONSTANT SLIMLINE FC-220V5S5B', 26190000, 22261000, '69.webp', 'Đồng hồ Frederique Constant Slimline FC-220V5S5B có thiết kế thanh mảnh với mặt số màu trắng và vỏ thép không gỉ. Kim và chỉ số mạ bạc tạo điểm nhấn tinh tế. Dây da màu nâu và mặt kính sapphire chống trầy xước hoàn thiện phong cách thanh lịch và hiện đại', 'Nam', 100, 'FC-220V5S5B', 'Quartz (Máy pin - điện tử)', '30mm', 'Thụy Sỹ', 'Thép không gỉ 316L mạ vàng công nghệ PVD', '30m', 'Thép không gỉ mạ vàng công nghệ PVD', 'Sapphire', 'Trắng', 'Sang trọng', 'Mặt tròn', '2024-08-05 13:10:47', '7'),
('7', 'Đồng hồ nam Longines Hydroconquest', 'ĐỒNG HỒ NAM LONGINES HYDROCONQUEST L3.781.4.05.2 (L37814052)', 47438000, 42694000, '7.webp', 'Đồng hồ nam Longines HydroConquest L3.781.4.05.2 (L37814052) là một mẫu đồng hồ thể thao mạnh mẽ và thanh lịch, nổi bật với thiết kế hiện đại và tính năng bền bỉ. Với vỏ thép không gỉ và mặt số màu đen, đồng hồ này kết hợp giữa phong cách thể thao và sự tinh tế. Được trang bị cơ chế tự động và khả năng chống nước, nó thích hợp cho các hoạt động dưới nước và các điều kiện khắc nghiệt. Đồng hồ Longines HydroConquest L3.781.4.05.2 không chỉ là một phụ kiện thời trang mà còn là biểu tượng của sự chính xác và độ bền trong thiết kế đồng hồ thể thao.', 'Nam', 100, 'L3.781.4.05.2', 'Automatic (Máy cơ tự động)', '41mm', 'Thụy Sỹ', 'Dây dù', '300m', 'Thép không gỉ 316L/ Ceramic', 'Sapphire', 'Xanh Lá', 'Thể thao sang trọng', 'Mặt tròn', '2024-08-05 10:21:57', '1'),
('70', 'Đồng hồ nam Frederique Constant', 'ĐỒNG HỒ NAM FREDERIQUE CONSTANT CLASSICS CARREE FC-303S4C6', 30070000, 25599000, '70.webp', 'Đồng hồ nam Frederique Constant Classics Carrée FC-303S4C6 có thiết kế hình vuông với mặt số màu trắng và vỏ thép không gỉ. Các chỉ số và kim đồng hồ mạ bạc tạo điểm nhấn thanh lịch. Dây da màu nâu và mặt kính sapphire chống trầy xước hoàn thiện phong cách sang trọng và hiện đại.', 'Nam', 100, 'FC-303S4C6', 'Automatic (Máy cơ tự động)', '30mm - 33mm', 'Thụy Sỹ', 'Dây da', '30m', 'Thép không gỉ 316L', 'Sapphire', 'Trắng', 'Sang trọng', 'Mặt chữ nhật', '2024-08-05 13:13:29', '7'),
('71', 'Đồng hồ nam Edox Les Bémonts', 'ĐỒNG HỒ NAM EDOX LES BÉMONTS 64012.37R.BUIR', 14520000, 11616000, '71.webp', 'Đồng hồ nam Edox Les Bémonts 64012.37R.BUIR có thiết kế sang trọng với mặt số màu bạc và vỏ thép không gỉ. Các chỉ số và kim đồng hồ mạ vàng hồng tạo điểm nhấn thanh lịch. Dây da màu nâu và mặt kính sapphire chống trầy xước hoàn thiện phong cách đẳng cấp và tinh tế.', 'Nam', 100, '64012.37R.BUIR', 'Quartz (Máy pin - điện tử)', '40mm', 'Thụy Sỹ', 'Dây da', '30m', 'Thép không gỉ mạ vàng công nghệ PVD', 'Sapphire', 'Xanh lam', 'Hiện đại', 'Mặt tròn', '2024-08-05 13:16:49', '8'),
('72', 'Đồng hồ nam Edox Les Bémonts', 'ĐỒNG HỒ NAM EDOX LES BÉMONTS 01651.37R.AR', 19360000, 15488000, '72.webp', 'Đồng hồ nam Edox Les Bémonts 01651.37R.AR có thiết kế thanh lịch với mặt số màu trắng và vỏ thép không gỉ. Các chỉ số và kim đồng hồ mạ bạc tạo điểm nhấn tinh tế. Dây da màu nâu và mặt kính sapphire chống trầy xước hoàn thiện phong cách sang trọng và hiện đại.', 'Nam', 100, '01651.37R.AR', 'Quartz Chronograph (Máy pin bấm giờ thể thao)', '42mm', 'Thụy Sỹ', 'Dây da', '100m', 'Thép không gỉ mạ vàng công nghệ PVD', 'Sapphire', 'Trắng', 'Hiện đại', 'Mặt tròn', '2024-08-05 13:18:58', '8'),
('73', 'Đồng hồ nam Edox SkyDiver', 'ĐỒNG HỒ NAM EDOX SKY DIVER NEPTUNIAN 80120.3NM.NIN', 27500000, 22000000, '73.webp', 'Đồng hồ nam Edox Sky Diver Neptunian 80120.3NM.NIN có thiết kế thể thao với mặt số màu xanh và vỏ thép không gỉ. Các chỉ số và kim đồng hồ phát quang tạo sự dễ đọc trong điều kiện ánh sáng yếu. Dây đeo cao su màu đen và mặt kính sapphire chống trầy xước đảm bảo độ bền và phong cách mạnh mẽ, phù hợp cho các hoạt động dưới nước.', 'Nam', 100, '80120.3NM.NIN', 'Automatic (Máy cơ tự động)', '44mm', 'Thụy Sỹ', 'Thép không gỉ 316L', '1000m', 'Thép không gỉ 316L/ Ceramic', 'Sapphire', 'Trắng', 'Thể thao', 'Mặt tròn', '2024-08-05 13:21:29', '8'),
('74', 'Đồng hồ nam Edox SkyDiver', 'ĐỒNG HỒ NAM EDOX SKY DIVER NEPTUNIAN 80120.3NM.BUIDN', 27500000, 22000000, '74.webp', 'ĐỒNG HỒ NAM EDOX SKY DIVER NEPTUNIAN 80120.3NM.BUIDN có thiết kế thể thao với mặt số màu xanh và vỏ thép không gỉ. Các chỉ số và kim đồng hồ phát quang tạo sự dễ đọc trong điều kiện ánh sáng yếu. Dây đeo cao su màu đen và mặt kính sapphire chống trầy xước đảm bảo độ bền và phong cách mạnh mẽ, phù hợp cho các hoạt động dưới nước.', 'Nam', 100, '80120.3NM.BUIDN', 'Automatic (Máy cơ tự động)', '44mm', 'Thụy Sỹ', 'Thép không gỉ 316L', '1000m', 'Thép không gỉ 316L/ Ceramic', 'Sapphire', 'Xanh lam', 'Thể thao', 'Mặt tròn', '2024-08-05 13:23:10', '8'),
('75', 'Đồng hồ nam Edox SkyDiver', 'ĐỒNG HỒ NAM EDOX SKY DIVER 70\'S 80115.3N1M.BUIN', 26180000, 20944000, '75.webp', 'ĐỒNG HỒ NAM EDOX SKY DIVER 70\'S 80115.3N1M.BUIN có thiết kế thể thao với mặt số màu xanh và vỏ thép không gỉ. Các chỉ số và kim đồng hồ phát quang tạo sự dễ đọc trong điều kiện ánh sáng yếu. Dây đeo cao su màu đen và mặt kính sapphire chống trầy xước đảm bảo độ bền và phong cách mạnh mẽ, phù hợp cho các hoạt động dưới nước.', 'Nam', 100, '80120.3NM.BUIDN', 'Quartz (Máy pin - điện tử)', '44mm', 'Thụy Sỹ', 'Thép không gỉ 316L', '1000m', 'Thép không gỉ 316L', 'Sapphire', 'Xanh lam', 'Thể thao', 'Mặt tròn', '2024-08-05 13:31:05', '8'),
('76', 'Đồng hồ nam Edox Les Bémonts', 'ĐỒNG HỒ NAM EDOX LES BÉMONTS 64012.3M.NIN', 18260000, 14608000, '76.webp', 'Đồng hồ nam Edox Les Bémonts 64012.3M.NIN có thiết kế thanh lịch với mặt số màu xanh đậm và vỏ thép không gỉ. Các chỉ số và kim đồng hồ mạ bạc tạo điểm nhấn tinh tế. Dây đeo bằng da màu đen và mặt kính sapphire chống trầy xước hoàn thiện phong cách đẳng cấp và hiện đại.', 'Nam', 100, '80120.3NM.BUIDN', 'Quartz (Máy pin - điện tử)', '40mm', 'Thụy Sỹ', 'Thép không gỉ 316L', '30m', 'Thép không gỉ 316L', 'Sapphire', 'Đen', 'Thể thao', 'Mặt tròn', '2024-08-05 13:31:39', '8'),
('77', 'Đồng hồ nam Edox Les Bémonts', 'ĐỒNG HỒ NAM EDOX LES BÉMONTS 56001.37R.BUIR', 13200000, 10560000, '77.webp', 'Đồng hồ nam Edox Les Bémonts 56001.37R.BUIR có thiết kế thanh lịch với mặt số màu bạc và vỏ thép không gỉ. Các chỉ số và kim đồng hồ mạ vàng hồng tạo điểm nhấn sang trọng. Dây da màu nâu và mặt kính sapphire chống trầy xước hoàn thiện phong cách đẳng cấp và tinh tế.', 'Nam', 100, '56001.37R.BUIR', 'Quartz (Máy pin - điện tử)', '40mm', 'Thụy Sỹ', 'Dây da', '30m', 'Thép không gỉ mạ vàng công nghệ PVD', 'Sapphire', 'Đen', 'Hiện đại', 'Mặt tròn', '2024-08-05 13:34:45', '8'),
('78', 'Đồng hồ nam Edox Delfin', 'ĐỒNG HỒ NAM EDOX DELFIN 54004.3M.NANN', 18260000, 14608000, '78.webp', 'Đồng hồ nam Edox Delfin 54004.3M.NANN có thiết kế thể thao với mặt số màu xanh đậm và vỏ thép không gỉ. Kim và chỉ số phát quang giúp đọc giờ dễ dàng trong điều kiện ánh sáng yếu. Dây đeo cao su màu đen và mặt kính sapphire chống trầy xước hoàn thiện phong cách bền bỉ và hiện đại.', 'Nam', 100, '54004.3M.NANN', 'Quartz (Máy pin - điện tử)', '43mm', 'Thụy Sỹ', 'Thép không gỉ 316L', '200m', 'Thép không gỉ 316L', 'Sapphire', 'Đen', 'Thể thao', 'Mặt tròn', '2024-08-05 13:38:12', '8'),
('79', 'Đồng hồ nam EDOX', 'ĐỒNG HỒ NAM EDOX GRAND OCEAN 10248.357BU.BUIN', 26180000, 20944000, '79.webp', 'Đồng hồ nam Edox Grand Ocean 10248.357BU.BUIN có thiết kế thể thao với mặt số màu xanh đậm và vỏ thép không gỉ. Các chỉ số và kim đồng hồ phát quang đảm bảo dễ đọc trong điều kiện ánh sáng yếu. Dây đeo cao su màu đen và mặt kính sapphire chống trầy xước mang đến sự kết hợp hoàn hảo giữa chức năng và phong cách hiện đại.', 'Nam', 100, '10248.357BU.BUIN', 'Quartz Chronograph (Máy pin bấm giờ thể thao)', '43mm', 'Thụy Sỹ', 'Dây dù', '300m', 'Thép không gỉ 316L', 'Sapphire', 'Xanh lam', 'Thể thao', 'Mặt tròn', '2024-08-05 13:40:22', '8'),
('8', 'Đồng hồ nữ La Grande Classique', 'ĐỒNG HỒ NỮ LONGINES LA GRANDE CLASSIQUE L4.341.0.80.6', 103500000, 93150000, '8.webp', 'Đồng hồ nữ Longines La Grande Classique L4.341.0.80.6 là một mẫu đồng hồ thanh lịch và tinh tế, nổi bật với thiết kế cổ điển và sự chú trọng đến từng chi tiết. Với vỏ thép không gỉ mỏng và mặt số màu bạc sáng, đồng hồ này sử dụng các chỉ số giờ và phút tinh xảo để tạo nên vẻ đẹp thanh thoát và sang trọng. Các chữ số La Mã trên mặt số và dây đeo bằng da thêm phần hoàn thiện cho phong cách cổ điển của đồng hồ. Longines La Grande Classique L4.341.0.80.6 không chỉ là một phụ kiện thời trang mà còn là biểu tượng của sự thanh lịch và sự tinh tế trong thiết kế đồng hồ nữ.', 'Nữ', 100, 'L3.781.4.05.2', 'Quartz (Máy pin - điện tử)', '24mm', 'Thụy Sỹ', 'Thép không gỉ 316L', '30m', 'Thép không gỉ 316L', 'Sapphire', 'Khảm trai', 'Sang trọng', 'Mặt tròn', '2024-08-05 10:28:43', '1'),
('80', 'Đồng hồ nam Edox Delfin', 'ĐỒNG HỒ NAM EDOX DELFIN 88005.357BUNCA.NIBU', 26400000, 21120000, '80.webp', 'Đồng hồ nam Edox Delfin 88005.357BUNCA.NIBU có thiết kế thể thao với mặt số màu xanh đậm và vỏ thép không gỉ. Kim và chỉ số phát quang giúp dễ đọc trong điều kiện ánh sáng yếu. Dây đeo cao su màu xanh và mặt kính sapphire chống trầy xước mang đến phong cách bền bỉ và hiện đại.', 'Nam', 100, '88005.357BUNCA.NIBU', 'Automatic (Máy cơ tự động)', '43mm', 'Thụy Sỹ', 'Thép không gỉ mạ công nghệ PVD', '200m', 'Thép không gỉ mạ công nghệ PVD', 'Sapphire', 'Đen', 'Thể thao', 'Mặt tròn', '2024-08-05 13:42:37', '8'),
('81', 'Đồng hồ unisex Claude Bernard', 'ĐỒNG HỒ CLAUDE BERNARD CLASSIC 20214.3.AR', 4180000, 3344000, '81.webp', 'Đồng hồ Claude Bernard Classic 20214.3.AR có thiết kế thanh lịch với mặt số màu trắng và vỏ thép không gỉ. Kim và chỉ số mạ bạc tạo điểm nhấn tinh tế. Dây đeo bằng da màu nâu và mặt kính sapphire chống trầy xước hoàn thiện phong cách sang trọng và cổ điển.', 'Unisex', 100, '20214.3.AR', 'Quartz (Máy pin - điện tử)', '39mm', 'Thụy Sỹ', 'Dây da', '30m', 'Thép không gỉ 316L', 'Sapphire', 'Đen', 'Hiện đại', 'Mặt tròn', '2024-08-05 13:46:08', '9'),
('82', 'Đồng hồ unisex Claude Bernard', 'ĐỒNG HỒ CLAUDE BERNARD CLASSIC 20214.3.GIN', 4180000, 3344000, '82.webp', 'Đồng hồ Claude Bernard Classic 20214.3.GIN có thiết kế thanh lịch với mặt số màu bạc và vỏ thép không gỉ. Kim và chỉ số mạ vàng hồng tạo điểm nhấn tinh tế. Dây đeo bằng da màu nâu và mặt kính sapphire chống trầy xước hoàn thiện phong cách sang trọng và cổ điển.', 'Unisex', 100, '20214.3.GIN', 'Quartz (Máy pin - điện tử)', '39mm', 'Thụy Sỹ', 'Dây da', '30m', 'Thép không gỉ 316L', 'Sapphire', 'Đen', 'Hiện đại', 'Mặt tròn', '2024-08-05 13:49:29', '9'),
('83', 'Đồng hồ unisex Claude Bernard', 'ĐỒNG HỒ CLAUDE BERNARD CLASSIC 20214.37J.AR', 5060000, 4048000, '83.webp', 'Đồng hồ Claude Bernard Classic 20214.37J.AR có thiết kế thanh lịch với mặt số màu trắng và vỏ thép không gỉ. Các chỉ số và kim mạ vàng tạo điểm nhấn sang trọng. Dây đeo da màu nâu và mặt kính sapphire chống trầy xước hoàn thiện phong cách cổ điển và tinh tế', 'Unisex', 100, '20214.37J.AR', 'Quartz (Máy pin - điện tử)', '39mm', 'Thụy Sỹ', 'Dây da', '30m', 'Thép không gỉ mạ vàng công nghệ PVD', 'Sapphire', 'Xám', 'Hiện đại', 'Mặt tròn', '2024-08-05 13:51:41', '9'),
('84', 'Đồng hồ unisex Claude Bernard', 'ĐỒNG HỒ CLAUDE BERNARD CLASSIC 20214.3M.NIN', 4840000, 3872000, '84.webp', 'Đồng hồ Claude Bernard Classic 20214.3M.NIN có thiết kế thanh lịch với mặt số màu đen và vỏ thép không gỉ. Các chỉ số và kim đồng hồ mạ bạc tạo điểm nhấn tinh tế. Dây đeo bằng da màu đen và mặt kính sapphire chống trầy xước hoàn thiện phong cách sang trọng và hiện đại.', 'Unisex', 100, '20214.3M.NIN', 'Quartz (Máy pin - điện tử)', '39mm', 'Thụy Sỹ', 'Thép không gỉ 316L dạng lưới', '30m', 'Thép không gỉ 316L', 'Sapphire', 'Đen', 'Hiện đại', 'Mặt tròn', '2024-08-05 13:54:00', '9'),
('85', 'Đồng hồ unisex Claude Bernard', 'ĐỒNG HỒ CLAUDE BERNARD CLASSIC 20214.3M.AIR', 4840000, 3872000, '84.webp', 'Đồng hồ Claude Bernard Classic 20214.3M.AIR có thiết kế thanh lịch với mặt số màu xanh đậm và vỏ thép không gỉ. Các chỉ số và kim đồng hồ mạ bạc tạo điểm nhấn tinh tế. Dây đeo bằng da màu nâu và mặt kính sapphire chống trầy xước hoàn thiện phong cách sang trọng và hiện đại', 'Unisex', 100, '20214.3M.AIR', 'Quartz (Máy pin - điện tử)', '39mm', 'Thụy Sỹ', 'Thép không gỉ 316L dạng lưới', '30m', 'Thép không gỉ 316L', 'Sapphire', 'Trắng', 'Hiện đại', 'Mặt tròn', '2024-08-05 13:55:34', '9'),
('86', 'ĐỒNG HỒ CLAUDE BERNARD', 'ĐỒNG HỒ NAM CLAUDE BERNARD CLASSIC CHRONOGRAPH 10247.3C.VIN', 9680000, 7744000, '86.webp', 'Đồng hồ nam Claude Bernard Classic Chronograph 10247.3C.VIN có thiết kế thể thao với mặt số màu xanh và vỏ thép không gỉ. Các chức năng chronograph và kim phát quang tạo điểm nhấn chức năng và tinh tế. Dây đeo bằng da màu nâu và mặt kính sapphire chống trầy xước hoàn thiện phong cách thể thao và hiện đại.', 'Nam', 100, '10247.3C.VIN', 'Quartz Chronograph (Máy pin bấm giờ thể thao)', '44mm', 'Thụy Sỹ', 'Dây da', '50m', 'Thép không gỉ 316L', 'Sapphire', 'Xanh Lá', 'Thể thao', 'Mặt tròn', '2024-08-05 14:01:38', '9'),
('87', 'Đồng hồ nữ Claude Bernard', 'ĐỒNG HỒ CLAUDE BERNARD 20501.3.APN1', 5720000, 4576000, '87.webp', 'Đồng hồ Claude Bernard 20501.3.APN1 có thiết kế thanh lịch với mặt số màu xanh đậm và vỏ thép không gỉ. Kim và chỉ số mạ bạc tạo điểm nhấn tinh tế. Dây đeo bằng da màu nâu và mặt kính sapphire chống trầy xước hoàn thiện phong cách sang trọng và hiện đại.', 'Nữ', 100, '20501.3.APN1', 'Quartz (Máy pin - điện tử)', '28mm', 'Thụy Sỹ', 'Dây da', '30m', 'Thép không gỉ 316L', 'Sapphire', 'Trắng', 'Thời trang', 'Mặt tròn', '2024-08-05 14:04:19', '9'),
('88', 'Đồng hồ nữ Claude Bernard', 'ĐỒNG HỒ CLAUDE BERNARD 20501.3.APN1', 5940000, 4752000, '88.webp', 'Đồng hồ Claude Bernard 54005.357JM.BR có thiết kế thể thao với mặt số màu nâu và vỏ thép không gỉ. Kim và chỉ số mạ vàng tạo điểm nhấn sang trọng. Dây đeo bằng da màu nâu và mặt kính sapphire chống trầy xước hoàn thiện phong cách bền bỉ và hiện đại.', 'Nữ', 100, '54005.357JM.BR', 'Quartz (Máy pin - điện tử)', '28mm', 'Thụy Sỹ', 'Thép không gỉ 316L mạ vàng công nghệ PVD', '30m', 'Thép không gỉ 316L', 'Sapphire', 'Trắng', 'Thời trang', 'Mặt tròn', '2024-08-05 14:06:46', '9'),
('89', 'Đồng hồ nữ Claude Bernard', 'ĐỒNG HỒ CLAUDE BERNARD 25003.37RM.BR', 11220000, 8975000, '89.webp', 'Đồng hồ Claude Bernard 25003.37RM.BR có thiết kế thanh lịch với mặt số màu đen và vỏ thép không gỉ. Các chỉ số và kim mạ vàng hồng tạo điểm nhấn sang trọng. Dây đeo bằng da màu nâu và mặt kính sapphire chống trầy xước hoàn thiện phong cách cổ điển và tinh tế.', 'Nữ', 100, '25003.37RM.BR', 'Quartz (Máy pin - điện tử)', '22mm x 24mm', 'Thụy Sỹ', 'Thép không gỉ 316L mạ vàng công nghệ PVD', '30m', 'Thép không gỉ mạ vàng công nghệ PVD', 'Sapphire', 'Trắng', 'Sang trọng', 'Mặt vuông', '2024-08-05 14:08:50', '9'),
('9', 'Đồng hồ nữ La Grande Classique', 'ĐỒNG HỒ NỮ LONGINES LA GRANDE CLASSIQUE L4.341.0.94.2', 86250000, 77625000, '9.webp', 'Đồng hồ nữ Longines La Grande Classique L4.341.0.94.2 là một mẫu đồng hồ thanh lịch, nổi bật với thiết kế cổ điển và sự tinh xảo trong chế tác. Với vỏ thép không gỉ và mặt số màu bạc sáng, đồng hồ này thể hiện sự thanh thoát và sang trọng. Các chỉ số giờ được thiết kế tinh tế, kết hợp với dây đeo bằng da cao cấp, tạo nên vẻ đẹp hoàn hảo và sự thoải mái khi đeo. Longines La Grande Classique L4.341.0.94.2 không chỉ là một phụ kiện thời trang mà còn là biểu tượng của sự đẳng cấp và sự tinh tế trong thiết kế đồng hồ nữ.', 'Nữ', 100, 'L4.341.0.94.2', 'Quartz (Máy pin - điện tử)', '24mm', 'Thụy Sỹ', 'Dây da', '30m', 'Thép không gỉ 316L', 'Sapphire', 'Xanh lam', 'Sang trọng', 'Mặt tròn', '2024-08-05 10:28:55', '1'),
('90', 'Đồng hồ nữ Claude Bernard Dress', 'ĐỒNG HỒ CLAUDE BERNARD 10216.3.APN2', 8800000, 7040000, '90.webp', 'Đồng hồ Claude Bernard 10216.3.APN2 có thiết kế thanh lịch với mặt số màu xanh đậm và vỏ thép không gỉ. Kim và chỉ số mạ bạc tạo điểm nhấn tinh tế. Dây đeo bằng da màu nâu và mặt kính sapphire chống trầy xước hoàn thiện phong cách sang trọng và hiện đại.', 'Nữ', 100, '10216.3.APN2', 'Quartz Chronograph (Máy pin bấm giờ thể thao)', '22mm x 24mm', 'Thụy Sỹ', 'Thép không gỉ 316L', '30m', 'Thép không gỉ 316L', 'Sapphire', 'Trắng', 'Thể thao sang trọng', 'Mặt tròn', '2024-08-05 14:11:19', '9'),
('91', 'Đồng hồ nam Seiko 5 Quân Đội', 'ĐỒNG HỒ SEIKO 5 QUÂN ĐỘI SNK805K2S', 4130000, 4000000, '91.webp', 'Đồng hồ Seiko 5 Quân Đội SNK805K2S có thiết kế thể thao với mặt số màu xanh quân đội và vỏ thép không gỉ. Kim và chỉ số phát quang giúp dễ đọc trong điều kiện ánh sáng yếu. Dây đeo bằng vải màu xanh và mặt kính Hardlex chống trầy xước mang đến phong cách bền bỉ và năng động.', 'Nam', 100, 'SNK805K2S', 'Automatic (Máy cơ tự động)', '37mm', 'Nhật Bản', 'Dây dù', '30m', 'Thép không gỉ 316L', 'Mặt kính cứng', 'Xanh Lá', 'Quân đội', 'Mặt tròn', '2024-08-05 14:15:56', '10'),
('92', 'Đồng hồ nam Seiko 5 Quân Đội', 'SEIKO 5 SPORTS FIELD QUÂN ĐỘI SRPG31K1', 8760000, 7884000, '92.webp', 'Đồng hồ Seiko 5 Sports Field Quân Đội SRPG31K1 có thiết kế thể thao với mặt số màu xanh quân đội và vỏ thép không gỉ. Các chỉ số và kim phát quang giúp dễ đọc trong điều kiện ánh sáng yếu. Dây đeo bằng da màu nâu và mặt kính Hardlex chống trầy xước hoàn thiện phong cách bền bỉ và mạnh mẽ.', 'Nam', 100, 'SRPG31K1', 'Automatic (Máy cơ tự động)', '39.4mm', 'Nhật Bản', 'Dây dù', '100m', 'Thép không gỉ 316L', 'Hardlex Crystal', 'Xám', 'Quân đội', 'Mặt tròn', '2024-08-05 14:17:35', '10'),
('93', 'Đồng hồ nam Seiko Quartz', 'ĐỒNG HỒ NAM SEIKO SUR447P1', 5700000, 5130000, '93.webp', 'Đồng hồ nam Seiko SUR447P1 có thiết kế thanh lịch với mặt số màu trắng và vỏ thép không gỉ. Kim và chỉ số mạ bạc tạo điểm nhấn tinh tế. Dây đeo bằng da màu nâu và mặt kính Hardlex chống trầy xước hoàn thiện phong cách sang trọng và cổ điển.', 'Nam', 100, 'SUR447P1', 'Quartz (Máy pin - điện tử)', '40.2mm', 'Nhật Bản', 'Dây da', '100m', 'Thép không gỉ 316L', 'Sapphire', 'Trắng', 'Quân đội', 'Hiện đại', '2024-08-05 14:19:52', '10'),
('94', 'Đồng hồ nam Seiko Quartz', 'ĐỒNG HỒ NAM SEIKO SUR472P1', 5980000, 5382000, '94.webp', 'Đồng hồ nam Seiko SUR472P1 có thiết kế thanh lịch với mặt số màu bạc và vỏ thép không gỉ. Kim và chỉ số mạ vàng tạo điểm nhấn sang trọng. Dây đeo bằng da màu đen và mặt kính Hardlex chống trầy xước hoàn thiện phong cách cổ điển và tinh tế.', 'Nam', 100, 'SUR472P1', 'Quartz (Máy pin - điện tử)', '39.4mm', 'Nhật Bản', 'Dây da', '100m', 'Thép không gỉ mạ vàng công nghệ PVD', 'Sapphire', 'Vàng', 'Quân đội', 'Hiện đại', '2024-08-05 14:22:33', '10'),
('95', 'Đồng hồ nam Seiko Prospex', 'ĐỒNG HỒ NAM SEIKO PROSPEX SAVE THE OCEAN SPB301J1', 39500000, 35550000, '95.webp', 'Có thiết kế thanh lịch với mặt số màu bạc và vỏ thép không gỉ. Kim và chỉ số mạ vàng tạo điểm nhấn sang trọng. Dây đeo bằng da màu đen và mặt kính Hardlex chống trầy xước hoàn thiện phong cách cổ điển và tinh tế.', 'Nam', 100, 'SPB301J1', 'Automatic (Máy cơ tự động)', '42.7mm', 'Nhật Bản', 'Thép không gỉ 316L', '200m', 'Thép không gỉ 316L/ Ceramic', 'Sapphire', 'Trắng', 'Thể thao', 'Hiện đại', '2024-08-05 14:25:01', '10'),
('96', 'Đồng hồ nam Seiko Prospex', 'ĐỒNG HỒ NAM SEIKO PROSPEX SPB147J1', 29250000, 26325000, '96.webp', 'Có thiết kế thanh lịch với mặt số màu bạc và vỏ thép không gỉ. Kim và chỉ số mạ vàng tạo điểm nhấn sang trọng. Dây đeo bằng da màu đen và mặt kính Hardlex chống trầy xước hoàn thiện phong cách cổ điển và tinh tế.', 'Nam', 100, 'SPB147J1', 'Automatic (Máy cơ tự động)', '40.5mm', 'Nhật Bản', 'Dây cao su', '200m', 'Thép không gỉ 316L/ Ceramic', 'Sapphire', 'Nâu', 'Thể thao', 'Hiện đại', '2024-08-05 14:26:52', '10'),
('97', 'Đồng hồ nam Seiko 5 Sports', 'ĐỒNG HỒ NAM SEIKO 5 SPORTS 55TH ANNIVERSARY SRPK13K1', 9750000, 8775000, '97.webp', 'Có thiết kế thanh lịch với mặt số màu bạc và vỏ thép không gỉ. Kim và chỉ số mạ vàng tạo điểm nhấn sang trọng. Dây đeo bằng da màu đen và mặt kính Hardlex chống trầy xước hoàn thiện phong cách cổ điển và tinh tế.', 'Nam', 100, 'SRPK13K1', 'Automatic (Máy cơ tự động)', '42.5mm', 'Nhật Bản', 'Thép không gỉ 316L', '200m', 'Thép không gỉ 316L', 'Hardlex Crystal', 'Đen', 'Thể thao', 'Mặt tròn', '2024-08-05 14:29:30', '10'),
('98', 'Đồng hồ nam Seiko 5 Sports', 'ĐỒNG HỒ NAM SEIKO 5 SPORTS 55TH ANNIVERSARY SRPK13K1', 6450000, 5805000, '98.webp', 'Đồng hồ nam Seiko 5 Sports có thiết kế thể thao với mặt số đa dạng màu sắc và vỏ thép không gỉ. Các chỉ số và kim phát quang giúp dễ đọc trong điều kiện ánh sáng yếu. Dây đeo bằng cao su hoặc dây kim loại, tùy vào mẫu, cùng với mặt kính Hardlex chống trầy xước mang đến phong cách bền bỉ và năng động', 'Nam', 100, 'SRPA87K1', 'Automatic (Máy cơ tự động)', '44mm', 'Nhật Bản', 'Dây dù', '200m', 'Thép không gỉ 316L', 'Hardlex Crystal', 'Nâu', 'Thể thao', 'Mặt tròn', '2024-08-05 14:31:59', '10'),
('99', 'Đồng hồ nữ Seiko Quartz', 'ĐỒNG HỒ NỮ SEIKO SUR353P1', 6030000, 5427000, '99.webp', 'Đồng hồ nữ Seiko SUR353P1 có thiết kế thanh lịch với mặt số màu bạc và vỏ thép không gỉ. Kim và chỉ số mạ vàng tạo điểm nhấn sang trọng. Dây đeo bằng da màu nâu và mặt kính Hardlex chống trầy xước hoàn thiện phong cách cổ điển và tinh tế.', 'Nữ', 100, 'SUR353P1', 'Quartz (Máy pin - điện tử)', '29.8mm', 'Nhật Bản', 'Thép không gỉ 316L', '100m', 'Thép không gỉ 316L', 'Sapphire', 'Xanh lam', 'Hiện đại', 'Mặt tròn', '2024-08-05 14:34:15', '10');

-- --------------------------------------------------------

--
-- Cấu trúc bảng cho bảng `yeu_thich`
--

CREATE TABLE `yeu_thich` (
  `_id` varchar(255) NOT NULL,
  `id_nguoi_dung` varchar(255) DEFAULT NULL,
  `id_san_pham` varchar(255) DEFAULT NULL
) ENGINE=InnoDB DEFAULT CHARSET=utf8 COLLATE=utf8_unicode_ci;

--
-- Chỉ mục cho các bảng đã đổ
--

--
-- Chỉ mục cho bảng `binh_luan`
--
ALTER TABLE `binh_luan`
  ADD PRIMARY KEY (`_id`),
  ADD KEY `id_nguoi_dung` (`id_nguoi_dung`),
  ADD KEY `id_san_pham` (`id_san_pham`);

--
-- Chỉ mục cho bảng `chi_tiet_don_hang`
--
ALTER TABLE `chi_tiet_don_hang`
  ADD PRIMARY KEY (`_id`),
  ADD KEY `id_don_hang` (`id_don_hang`),
  ADD KEY `id_san_pham` (`id_san_pham`);

--
-- Chỉ mục cho bảng `danh_muc`
--
ALTER TABLE `danh_muc`
  ADD PRIMARY KEY (`_id`);

--
-- Chỉ mục cho bảng `don_hang`
--
ALTER TABLE `don_hang`
  ADD PRIMARY KEY (`_id`),
  ADD KEY `id_nguoi_dung` (`id_nguoi_dung`),
  ADD KEY `id_phuong_thuc_thanh_toan` (`id_phuong_thuc_thanh_toan`),
  ADD KEY `id_ghi_chu` (`id_ghi_chu`);

--
-- Chỉ mục cho bảng `ghi_chu`
--
ALTER TABLE `ghi_chu`
  ADD PRIMARY KEY (`_id`);

--
-- Chỉ mục cho bảng `nguoi_dung`
--
ALTER TABLE `nguoi_dung`
  ADD PRIMARY KEY (`_id`),
  ADD KEY `id_quyen` (`id_quyen`);

--
-- Chỉ mục cho bảng `phuong_thuc_thanh_toan`
--
ALTER TABLE `phuong_thuc_thanh_toan`
  ADD PRIMARY KEY (`_id`);

--
-- Chỉ mục cho bảng `quyen`
--
ALTER TABLE `quyen`
  ADD PRIMARY KEY (`_id`);

--
-- Chỉ mục cho bảng `sale`
--
ALTER TABLE `sale`
  ADD PRIMARY KEY (`_id`),
  ADD KEY `id_san_pham` (`id_san_pham`);

--
-- Chỉ mục cho bảng `san_pham`
--
ALTER TABLE `san_pham`
  ADD PRIMARY KEY (`_id`),
  ADD KEY `id_danh_muc` (`id_danh_muc`);

--
-- Chỉ mục cho bảng `yeu_thich`
--
ALTER TABLE `yeu_thich`
  ADD PRIMARY KEY (`_id`),
  ADD KEY `id_nguoi_dung` (`id_nguoi_dung`),
  ADD KEY `id_san_pham` (`id_san_pham`);

--
-- Các ràng buộc cho các bảng đã đổ
--

--
-- Các ràng buộc cho bảng `binh_luan`
--
ALTER TABLE `binh_luan`
  ADD CONSTRAINT `binh_luan_ibfk_1` FOREIGN KEY (`id_nguoi_dung`) REFERENCES `nguoi_dung` (`_id`),
  ADD CONSTRAINT `binh_luan_ibfk_2` FOREIGN KEY (`id_san_pham`) REFERENCES `san_pham` (`_id`);

--
-- Các ràng buộc cho bảng `chi_tiet_don_hang`
--
ALTER TABLE `chi_tiet_don_hang`
  ADD CONSTRAINT `chi_tiet_don_hang_ibfk_1` FOREIGN KEY (`id_don_hang`) REFERENCES `don_hang` (`_id`),
  ADD CONSTRAINT `chi_tiet_don_hang_ibfk_2` FOREIGN KEY (`id_san_pham`) REFERENCES `san_pham` (`_id`);

--
-- Các ràng buộc cho bảng `don_hang`
--
ALTER TABLE `don_hang`
  ADD CONSTRAINT `don_hang_ibfk_1` FOREIGN KEY (`id_nguoi_dung`) REFERENCES `nguoi_dung` (`_id`),
  ADD CONSTRAINT `don_hang_ibfk_2` FOREIGN KEY (`id_phuong_thuc_thanh_toan`) REFERENCES `phuong_thuc_thanh_toan` (`_id`),
  ADD CONSTRAINT `don_hang_ibfk_3` FOREIGN KEY (`id_ghi_chu`) REFERENCES `ghi_chu` (`_id`);

--
-- Các ràng buộc cho bảng `nguoi_dung`
--
ALTER TABLE `nguoi_dung`
  ADD CONSTRAINT `nguoi_dung_ibfk_1` FOREIGN KEY (`id_quyen`) REFERENCES `quyen` (`_id`);

--
-- Các ràng buộc cho bảng `sale`
--
ALTER TABLE `sale`
  ADD CONSTRAINT `sale_ibfk_1` FOREIGN KEY (`id_san_pham`) REFERENCES `san_pham` (`_id`);

--
-- Các ràng buộc cho bảng `san_pham`
--
ALTER TABLE `san_pham`
  ADD CONSTRAINT `san_pham_ibfk_1` FOREIGN KEY (`id_danh_muc`) REFERENCES `danh_muc` (`_id`);

--
-- Các ràng buộc cho bảng `yeu_thich`
--
ALTER TABLE `yeu_thich`
  ADD CONSTRAINT `yeu_thich_ibfk_1` FOREIGN KEY (`id_nguoi_dung`) REFERENCES `nguoi_dung` (`_id`),
  ADD CONSTRAINT `yeu_thich_ibfk_2` FOREIGN KEY (`id_san_pham`) REFERENCES `san_pham` (`_id`);
COMMIT;

/*!40101 SET CHARACTER_SET_CLIENT=@OLD_CHARACTER_SET_CLIENT */;
/*!40101 SET CHARACTER_SET_RESULTS=@OLD_CHARACTER_SET_RESULTS */;
/*!40101 SET COLLATION_CONNECTION=@OLD_COLLATION_CONNECTION */;
