-- phpMyAdmin SQL Dump
-- version 5.2.1
-- https://www.phpmyadmin.net/
--
-- Máy chủ: 127.0.0.1
-- Thời gian đã tạo: Th8 05, 2024 lúc 04:38 PM
-- Phiên bản máy phục vụ: 10.4.28-MariaDB
-- Phiên bản PHP: 8.2.4

SET SQL_MODE = "NO_AUTO_VALUE_ON_ZERO";
START TRANSACTION;
SET time_zone = "+00:00";


/*!40101 SET @OLD_CHARACTER_SET_CLIENT=@@CHARACTER_SET_CLIENT */;
/*!40101 SET @OLD_CHARACTER_SET_RESULTS=@@CHARACTER_SET_RESULTS */;
/*!40101 SET @OLD_COLLATION_CONNECTION=@@COLLATION_CONNECTION */;
/*!40101 SET NAMES utf8mb4 */;

--
-- Cơ sở dữ liệu: `duantotnghiep`
--

-- --------------------------------------------------------

--
-- Cấu trúc bảng cho bảng `binh_luan`
--

CREATE TABLE `binh_luan` (
  `_id` varchar(255) NOT NULL,
  `noi_dung` text DEFAULT NULL,
  `sao` int(11) DEFAULT NULL,
  `ngay_binh_luan` datetime DEFAULT NULL,
  `id_nguoi_dung` varchar(255) DEFAULT NULL,
  `id_san_pham` varchar(255) DEFAULT NULL
) ENGINE=InnoDB DEFAULT CHARSET=utf8 COLLATE=utf8_unicode_ci;

-- --------------------------------------------------------

--
-- Cấu trúc bảng cho bảng `chi_tiet_don_hang`
--

CREATE TABLE `chi_tiet_don_hang` (
  `_id` varchar(255) NOT NULL,
  `gia_san_pham` decimal(10,2) DEFAULT NULL,
  `ten_san_pham` varchar(255) DEFAULT NULL,
  `so_luong` int(11) DEFAULT NULL,
  `kich_thuoc` varchar(50) DEFAULT NULL,
  `id_don_hang` varchar(255) DEFAULT NULL,
  `id_san_pham` varchar(255) DEFAULT NULL
) ENGINE=InnoDB DEFAULT CHARSET=utf8 COLLATE=utf8_unicode_ci;

-- --------------------------------------------------------

--
-- Cấu trúc bảng cho bảng `danh_muc`
--

CREATE TABLE `danh_muc` (
  `_id` varchar(255) NOT NULL,
  `danh_muc` varchar(255) DEFAULT NULL,
  `mo_ta` text DEFAULT NULL,
  `hinh_anh` varchar(500) NOT NULL
) ENGINE=InnoDB DEFAULT CHARSET=utf8 COLLATE=utf8_unicode_ci;

--
-- Đang đổ dữ liệu cho bảng `danh_muc`
--

INSERT INTO `danh_muc` (`_id`, `danh_muc`, `mo_ta`, `hinh_anh`) VALUES
('1', 'ĐỒNG HỒ LONGINES', 'Longines là một thương hiệu đồng hồ Thụy Sĩ danh tiếng với nhiều dòng sản phẩm nổi bật. Dòng Master Collection mang đến thiết kế cổ điển, tinh xảo với các chức năng phức tạp như lịch vạn niên, chronograph và moonphase, thích hợp cho những người yêu phong cách cổ điển. Dòng HydroConquest nổi bật với khả năng chống nước lên đến 300m, dành cho những người yêu thích thể thao dưới nước như lặn và bơi lội. Dòng Conquest kết hợp giữa thiết kế thể thao và sự thanh lịch, phù hợp cho những ai cần một chiếc đồng hồ sử dụng trong nhiều hoàn cảnh khác nhau. Cuối cùng, dòng DolceVita mang đến vẻ đẹp thanh lịch và tinh tế với thiết kế hình chữ nhật đặc trưng, lấy cảm hứng từ phong cách Art Deco, dành cho những người yêu thích phong cách sang trọng và cổ điển.', 'logo1.webp'),
('10', 'ĐỒNG HỒ SEIKO', 'Đồng hồ Seiko, thương hiệu nổi tiếng đến từ Nhật Bản, nổi bật với sự kết hợp giữa công nghệ tiên tiến và thiết kế sáng tạo. Seiko được biết đến với các mẫu đồng hồ chính xác và bền bỉ, sử dụng công nghệ độc quyền như cơ chế quartz và Spring Drive. Thương hiệu này cung cấp đa dạng các mẫu đồng hồ, từ những thiết kế cổ điển và thanh lịch đến những sản phẩm thể thao và kỹ thuật cao. Đồng hồ Seiko không chỉ là một phụ kiện thời trang mà còn là biểu tượng của sự đổi mới, chất lượng và sự tin cậy.', 'logo10.webp'),
('11', 'ĐỒNG HỒ CITIZEN', 'Đồng hồ Citizen, thương hiệu danh tiếng từ Nhật Bản, nổi bật với sự kết hợp giữa công nghệ tiên tiến và thiết kế hiện đại. Citizen được biết đến với các mẫu đồng hồ chính xác và bền bỉ, sử dụng công nghệ nổi bật như Eco-Drive, cho phép đồng hồ hoạt động bằng năng lượng ánh sáng mà không cần thay pin. Thương hiệu này cung cấp đa dạng các mẫu đồng hồ, từ thiết kế thanh lịch đến những sản phẩm thể thao và kỹ thuật cao. Đồng hồ Citizen không chỉ là một phụ kiện thời trang mà còn là biểu tượng của sự đổi mới, chất lượng và độ tin cậy.', 'logo11.webp'),
('12', 'ĐỒNG HỒ ORIENT', 'Đồng hồ Orient, thương hiệu nổi tiếng đến từ Nhật Bản, nổi bật với sự kết hợp giữa thiết kế tinh tế và chất lượng vượt trội. Orient được biết đến với các mẫu đồng hồ cơ học chính xác và bền bỉ, cùng với các thiết kế đa dạng từ cổ điển đến hiện đại. Thương hiệu này cam kết mang đến sự tinh xảo trong từng chi tiết và sự đổi mới trong công nghệ chế tác. Đồng hồ Orient không chỉ là một phụ kiện thời trang mà còn là biểu tượng của sự đẳng cấp và sự tin cậy.', 'logo12.webp'),
('13', 'ĐỒNG HỒ CASIO', 'Đồng hồ Casio, thương hiệu nổi tiếng từ Nhật Bản, nổi bật với sự kết hợp giữa công nghệ đổi mới và thiết kế chức năng. Casio được biết đến với các mẫu đồng hồ đa dạng từ những thiết kế thể thao và công nghệ cao đến những mẫu đơn giản và tiện dụng. Với các tính năng nổi bật như khả năng chống nước, đồng hồ điện tử và đèn nền, Casio mang đến sự tiện lợi và độ bền cao. Đồng hồ Casio không chỉ là một phụ kiện thời trang mà còn là biểu tượng của sự sáng tạo, độ tin cậy và giá trị sử dụng.', 'logo13.webp'),
('14', 'ĐỒNG HỒ OLYM PIANUS', 'Đồng hồ Olymp Pianus, thương hiệu nổi tiếng trong ngành đồng hồ, nổi bật với sự kết hợp giữa thiết kế tinh tế và chất lượng cao. Olymp Pianus được biết đến với các mẫu đồng hồ sang trọng và chính xác, thường được chế tác từ các vật liệu cao cấp và trang bị công nghệ hiện đại. Thương hiệu này mang đến cho người đeo sự đẳng cấp và phong cách riêng biệt thông qua sự chú trọng đến từng chi tiết và sự cam kết về độ bền. Đồng hồ Olymp Pianus không chỉ là một phụ kiện thời trang mà còn là biểu tượng của sự tinh xảo và sự đổi mới.', 'logo14.webp'),
('15', 'ĐỒNG HỒ CALVIN KLEIN', 'Đồng hồ Calvin Klein, thương hiệu nổi tiếng với phong cách thời trang và thiết kế hiện đại, nổi bật với sự kết hợp tinh tế giữa tính năng và thẩm mỹ. Calvin Klein mang đến các mẫu đồng hồ có thiết kế đơn giản nhưng sang trọng, thể hiện sự thanh lịch và sự đổi mới trong từng chi tiết. Thương hiệu này sử dụng vật liệu cao cấp và công nghệ tiên tiến để đảm bảo độ chính xác và độ bền. Đồng hồ Calvin Klein không chỉ là một phụ kiện thời trang mà còn là biểu tượng của sự đẳng cấp và sự tinh tế trong phong cách.', 'logo15.webp'),
('16', 'ĐỒNG HỒ DANIEL WELLINGTON', 'Đồng hồ Daniel Wellington nổi bật với thiết kế tinh tế và phong cách cổ điển, kết hợp sự đơn giản với sự thanh lịch. Thương hiệu này nổi tiếng với các mẫu đồng hồ có mặt số sạch sẽ và dây đeo dễ dàng thay đổi, cho phép người đeo cá nhân hóa phong cách của mình. Daniel Wellington sử dụng chất liệu chất lượng cao và chế tác tỉ mỉ để đảm bảo sự chính xác và độ bền. Đồng hồ Daniel Wellington không chỉ là một phụ kiện thời trang mà còn là biểu tượng của sự sang trọng và sự đổi mới trong thiết kế.', 'logo16.webp'),
('17', 'ĐỒNG HỒ FOSSIL', 'Đồng hồ Fossil, thương hiệu nổi tiếng đến từ Mỹ, nổi bật với thiết kế thời trang và phong cách cổ điển kết hợp với công nghệ hiện đại. Fossil được biết đến với các mẫu đồng hồ đa dạng, từ những thiết kế cổ điển và thanh lịch đến những sản phẩm thể thao và sáng tạo. Thương hiệu này sử dụng vật liệu chất lượng cao và chú trọng đến từng chi tiết trong chế tác để đảm bảo độ chính xác và độ bền. Đồng hồ Fossil không chỉ là một phụ kiện thời trang mà còn là biểu tượng của sự sáng tạo, sự tinh tế và phong cách cá nhân.', 'logo17.webp'),
('18', 'ĐỒNG HỒ MICHAEL KORS', 'Đồng hồ Michael Kors, thương hiệu nổi tiếng trong ngành thời trang, nổi bật với thiết kế sang trọng và phong cách hiện đại. Michael Kors mang đến các mẫu đồng hồ có mặt số tinh tế và dây đeo chất lượng cao, thường kết hợp với các chi tiết kim loại và đá quý để tạo nên sự nổi bật và đẳng cấp. Thương hiệu này chú trọng đến việc kết hợp giữa thẩm mỹ và chức năng, đảm bảo sự chính xác và độ bền. Đồng hồ Michael Kors không chỉ là một phụ kiện thời trang mà còn là biểu tượng của sự sang trọng và sự đổi mới trong thiết kế.', 'logo18.webp'),
('19', 'ĐỒNG HỒ SKAGEN', 'Đồng hồ Skagen, thương hiệu đến từ Đan Mạch, nổi bật với thiết kế tối giản và phong cách Scandinavia đặc trưng. Skagen mang đến các mẫu đồng hồ với mặt số đơn giản và dây đeo bằng kim loại hoặc da, thường được chế tác từ các vật liệu chất lượng cao và chú trọng đến sự tinh tế trong từng chi tiết. Thương hiệu này kết hợp sự thanh lịch với chức năng, đảm bảo sự chính xác và độ bền. Đồng hồ Skagen không chỉ là một phụ kiện thời trang mà còn là biểu tượng của sự đơn giản, tinh tế và phong cách hiện đại.', 'logo19.webp'),
('2', 'ĐỒNG HỒ TISSOT', 'Đồng hồ Tissot, một thương hiệu nổi tiếng trong ngành đồng hồ, mang đến sự kết hợp hoàn hảo giữa phong cách sang trọng và công nghệ tiên tiến. Với thiết kế tinh tế và chất lượng vượt trội, Tissot không chỉ thể hiện đẳng cấp mà còn đáp ứng nhu cầu của những người yêu thích sự chính xác và bền bỉ. Đồng hồ Tissot được chế tác từ những vật liệu cao cấp, với sự chú trọng từng chi tiết nhỏ, mang đến cho người đeo sự tự tin và phong cách cá nhân rõ nét', 'logo2.webp'),
('3', 'ĐỒNG HỒ MIDO', 'Đồng hồ Mido là một thương hiệu danh tiếng trong ngành đồng hồ, nổi bật với sự kết hợp hoàn hảo giữa thiết kế thanh lịch và công nghệ tiên tiến. Được biết đến với những mẫu đồng hồ có chất lượng vượt trội và độ bền cao, Mido mang đến cho người đeo sự sang trọng và tinh tế. Với sự chú trọng đến từng chi tiết và các vật liệu cao cấp, đồng hồ Mido không chỉ là một phụ kiện thời trang mà còn là biểu tượng của sự chính xác và đẳng cấp.', 'logo3.webp'),
('4', 'ĐỒNG HỒ HAMILTON', 'Đồng hồ Hamilton, một cái tên uy tín trong ngành đồng hồ, nổi bật với sự kết hợp giữa phong cách cổ điển và công nghệ hiện đại. Được biết đến với các thiết kế đặc trưng và chất lượng xuất sắc, Hamilton mang đến cho người đeo sự sang trọng và đáng tin cậy. Từ các mẫu đồng hồ thể thao đến những thiết kế tinh tế cho các dịp trang trọng, Hamilton chú trọng đến từng chi tiết và sử dụng các vật liệu cao cấp để đảm bảo độ chính xác và bền bỉ. Đồng hồ Hamilton không chỉ là một phụ kiện thời trang mà còn là một biểu tượng của sự đổi mới và đẳng cấp.', 'logo4.webp'),
('5', 'ĐỒNG HỒ CERTINA', 'Đồng hồ Certina nổi bật với sự kết hợp hoàn hảo giữa phong cách thể thao và sự tinh tế trong thiết kế. Với truyền thống lâu đời trong ngành đồng hồ, Certina đã xây dựng được danh tiếng nhờ vào chất lượng vượt trội và độ chính xác cao. Các mẫu đồng hồ của Certina thường được chế tác từ vật liệu bền bỉ và trang bị các công nghệ tiên tiến, mang đến cho người đeo sự tin cậy và phong cách riêng biệt. Đồng hồ Certina không chỉ là một phụ kiện thời trang mà còn là một biểu tượng của sự đổi mới và sự chăm sóc tỉ mỉ trong từng chi tiết.', 'logo5.webp'),
('6', 'ĐỒNG HỒ TITONI', 'Đồng hồ Titoni, một thương hiệu nổi tiếng trong ngành đồng hồ Thụy Sĩ, được biết đến với sự kết hợp hoàn hảo giữa thiết kế tinh tế và kỹ thuật chế tác chính xác. Titoni mang đến cho người đeo sự sang trọng và đẳng cấp thông qua các mẫu đồng hồ được chế tác từ những vật liệu cao cấp và trang bị các công nghệ tiên tiến. Với sự chú trọng đến từng chi tiết và sự cam kết về chất lượng, đồng hồ Titoni không chỉ là một phụ kiện thời trang mà còn là một biểu tượng của sự tinh xảo và bền bỉ.', 'logo6.webp'),
('7', 'ĐỒNG HỒ FREDERIQUE CONSTANT', 'Đồng hồ Frédérique Constant, thương hiệu nổi tiếng từ Thụy Sĩ, nổi bật với sự kết hợp tinh tế giữa thiết kế cổ điển và công nghệ hiện đại. Frédérique Constant được biết đến với việc chế tác những mẫu đồng hồ sang trọng và chính xác, sử dụng các vật liệu cao cấp và kỹ thuật tinh xảo. Thương hiệu này mang đến cho người đeo sự đẳng cấp và phong cách riêng biệt thông qua sự chú trọng đến từng chi tiết và cam kết về chất lượng. Đồng hồ Frédérique Constant không chỉ là một phụ kiện thời trang mà còn là biểu tượng của sự tinh tế và đổi mới.', 'logo7.webp'),
('8', 'ĐỒNG HỒ EDOX', 'Đồng hồ Edox, đến từ Thụy Sĩ, nổi bật với sự kết hợp hoàn hảo giữa phong cách thể thao và sự tinh tế trong thiết kế. Edox nổi tiếng với những mẫu đồng hồ bền bỉ và chính xác, được chế tác từ các vật liệu chất lượng cao và trang bị công nghệ tiên tiến. Thương hiệu này mang đến cho người đeo sự tin cậy và phong cách cá nhân rõ nét, từ các mẫu đồng hồ thể thao mạnh mẽ đến những thiết kế thanh lịch cho các dịp trang trọng. Đồng hồ Edox không chỉ là một phụ kiện thời trang mà còn là biểu tượng của sự đổi mới và chất lượng vượt trội.', 'logo8.webp'),
('9', 'ĐỒNG HỒ CLAUDE BERNARD', 'Đồng hồ Claude Bernard, đến từ Thụy Sĩ, nổi bật với sự kết hợp giữa thiết kế tinh tế và kỹ thuật chế tác chính xác. Thương hiệu này được biết đến với các mẫu đồng hồ sang trọng và chất lượng cao, được chế tác từ vật liệu cao cấp và trang bị công nghệ hiện đại. Claude Bernard mang đến cho người đeo sự đẳng cấp và phong cách riêng biệt thông qua sự chú trọng đến từng chi tiết và cam kết về độ bền. Đồng hồ Claude Bernard không chỉ là một phụ kiện thời trang mà còn là biểu tượng của sự tinh xảo và sự đổi mới.', 'logo9.webp');

-- --------------------------------------------------------

--
-- Cấu trúc bảng cho bảng `don_hang`
--

CREATE TABLE `don_hang` (
  `_id` varchar(255) NOT NULL,
  `dia_chi` text DEFAULT NULL,
  `tong_tien` decimal(10,2) DEFAULT NULL,
  `trang_thai` varchar(255) DEFAULT NULL,
  `da_thanh_toan` tinyint(1) DEFAULT NULL,
  `phi_ship` decimal(10,2) DEFAULT NULL,
  `thoi_gian_tao` datetime DEFAULT NULL,
  `id_nguoi_dung` varchar(255) DEFAULT NULL,
  `id_phuong_thuc_thanh_toan` varchar(255) DEFAULT NULL,
  `id_ghi_chu` varchar(255) DEFAULT NULL
) ENGINE=InnoDB DEFAULT CHARSET=utf8 COLLATE=utf8_unicode_ci;

-- --------------------------------------------------------

--
-- Cấu trúc bảng cho bảng `ghi_chu`
--

CREATE TABLE `ghi_chu` (
  `_id` varchar(255) NOT NULL,
  `ho_ten` varchar(255) DEFAULT NULL,
  `dien_thoai` varchar(255) DEFAULT NULL,
  `noi_dung_ghi_chu` text DEFAULT NULL
) ENGINE=InnoDB DEFAULT CHARSET=utf8 COLLATE=utf8_unicode_ci;

-- --------------------------------------------------------

--
-- Cấu trúc bảng cho bảng `nguoi_dung`
--

CREATE TABLE `nguoi_dung` (
  `_id` varchar(255) NOT NULL,
  `ten_dang_nhap` varchar(255) DEFAULT NULL,
  `mat_khau` varchar(255) DEFAULT NULL,
  `ho_ten` varchar(255) DEFAULT NULL,
  `email` varchar(255) DEFAULT NULL,
  `dia_chi` text DEFAULT NULL,
  `dien_thoai` varchar(255) DEFAULT NULL,
  `hinh_anh` varchar(255) DEFAULT NULL,
  `id_quyen` varchar(255) DEFAULT NULL
) ENGINE=InnoDB DEFAULT CHARSET=utf8 COLLATE=utf8_unicode_ci;

--
-- Đang đổ dữ liệu cho bảng `nguoi_dung`
--

INSERT INTO `nguoi_dung` (`_id`, `ten_dang_nhap`, `mat_khau`, `ho_ten`, `email`, `dia_chi`, `dien_thoai`, `hinh_anh`, `id_quyen`) VALUES
('1', 'tài', '$2b$10$MwVX5bGI7wjVW5laF56ixudm22ICligQUg3H00q.iyJvs9Bp3PhxW', 'nguyễn tấn tài', 'nguyentantai612004@gmail.com', '113/6a', '0837761450', 'DMdonghonam.avif', '2'),
('2', 'tài', '$2b$10$XtSpNouweUra2byuU/CcOOsGDkF2QCjMixE.DsNAjqHfPVYrQ/BEO', 'nguyễn tấn tài', 'nguyentantai61200sdd4@gmail.com', '113/6a', '0837761450', 'DMdonghonam.avif', '2');

-- --------------------------------------------------------

--
-- Cấu trúc bảng cho bảng `phuong_thuc_thanh_toan`
--

CREATE TABLE `phuong_thuc_thanh_toan` (
  `_id` varchar(255) NOT NULL,
  `ten_phuong_thuc` varchar(255) DEFAULT NULL
) ENGINE=InnoDB DEFAULT CHARSET=utf8 COLLATE=utf8_unicode_ci;

-- --------------------------------------------------------

--
-- Cấu trúc bảng cho bảng `quyen`
--

CREATE TABLE `quyen` (
  `_id` varchar(255) NOT NULL,
  `quyen` enum('admin','khachhang') NOT NULL
) ENGINE=InnoDB DEFAULT CHARSET=utf8 COLLATE=utf8_unicode_ci;

--
-- Đang đổ dữ liệu cho bảng `quyen`
--

INSERT INTO `quyen` (`_id`, `quyen`) VALUES
('1', 'admin'),
('2', 'khachhang');

-- --------------------------------------------------------

--
-- Cấu trúc bảng cho bảng `sale`
--

CREATE TABLE `sale` (
  `_id` varchar(255) NOT NULL,
  `khuyen_mai` decimal(10,2) DEFAULT NULL,
  `mo_ta` text DEFAULT NULL,
  `trang_thai` tinyint(1) DEFAULT NULL,
  `bat_dau` datetime DEFAULT NULL,
  `ket_thuc` datetime DEFAULT NULL,
  `id_san_pham` varchar(255) DEFAULT NULL
) ENGINE=InnoDB DEFAULT CHARSET=utf8 COLLATE=utf8_unicode_ci;

-- --------------------------------------------------------

--
-- Cấu trúc bảng cho bảng `san_pham`
--

CREATE TABLE `san_pham` (
  `_id` varchar(255) NOT NULL,
  `ten_san_pham` varchar(255) DEFAULT NULL,
  `ten` varchar(255) NOT NULL,
  `gia_san_pham` int(30) DEFAULT NULL,
  `gia_giam` int(30) NOT NULL,
  `hinh_anh` varchar(255) DEFAULT NULL,
  `mo_ta` text DEFAULT NULL,
  `gioi_tinh` varchar(50) DEFAULT NULL,
  `so_luong` int(11) DEFAULT NULL,
  `ma_san_pham` varchar(255) NOT NULL,
  `loai_may` varchar(100) DEFAULT NULL,
  `duong_kinh` varchar(100) DEFAULT NULL,
  `xuat_xu` varchar(100) NOT NULL,
  `chat_lieu_day` varchar(100) DEFAULT NULL,
  `do_chiu_nuoc` varchar(50) NOT NULL,
  `chat_lieu_vo` varchar(100) DEFAULT NULL,
  `mat_kinh` varchar(100) DEFAULT NULL,
  `mau_mat` varchar(100) DEFAULT NULL,
  `phong_cach` varchar(100) DEFAULT NULL,
  `kieu_dang` varchar(100) DEFAULT NULL,
  `createdAt` timestamp NOT NULL DEFAULT current_timestamp() ON UPDATE current_timestamp(),
  `id_danh_muc` varchar(255) DEFAULT NULL
) ENGINE=InnoDB DEFAULT CHARSET=utf8 COLLATE=utf8_unicode_ci;

--
-- Đang đổ dữ liệu cho bảng `san_pham`
--

INSERT INTO `san_pham` (`_id`, `ten_san_pham`, `ten`, `gia_san_pham`, `gia_giam`, `hinh_anh`, `mo_ta`, `gioi_tinh`, `so_luong`, `ma_san_pham`, `loai_may`, `duong_kinh`, `xuat_xu`, `chat_lieu_day`, `do_chiu_nuoc`, `chat_lieu_vo`, `mat_kinh`, `mau_mat`, `phong_cach`, `kieu_dang`, `createdAt`, `id_danh_muc`) VALUES
('1', 'Đồng hồ unisex Longines Conquest', 'ĐỒNG HỒ LONGINES CONQUEST AUTOMATIC L3.320.4.07.6 (L33204076)', 66125000, 59512000, '1.webp', 'Đồng hồ Longines Conquest Automatic L3.320.4.07.6 (L33204076) là một mẫu đồng hồ thể thao sang trọng, kết hợp giữa thiết kế tinh tế và công nghệ chế tác chính xác của Longines. Với vỏ thép không gỉ và mặt số màu đen mạnh mẽ, đồng hồ này nổi bật với các chỉ số giờ và phút rõ ràng cùng với các chi tiết kim loại bóng bẩy. Cung cấp cơ chế tự động, nó không chỉ đảm bảo độ chính xác cao mà còn thể hiện sự bền bỉ và sự tinh xảo trong từng chi tiết. Đây là một lựa chọn hoàn hảo cho những ai yêu thích sự sang trọng và phong cách thể thao.', 'Unisex', 100, 'L3.320.4.07.6', 'Automatic (Máy cơ tự động)', '30mm', 'Thụy Sỹ', 'Thép không gỉ 316L', '100m', 'Thép không gỉ 316L', 'Sapphire', 'Xanh Lá', 'Sang trọng', 'Mặt tròn', '2024-08-05 10:02:57', '1'),
('10', 'Đồng hồ nữ Longines Master', 'ĐỒNG HỒ NỮ LONGINES MASTER COLLECTION L2.128.4.78.6', 51750000, 46575000, '10.webp', 'Đồng hồ nữ Longines Master Collection L2.128.4.78.6 là một mẫu đồng hồ cao cấp với thiết kế cổ điển và sự tinh xảo trong chế tác. Vỏ thép không gỉ và mặt số màu bạc mang đến sự thanh lịch và sang trọng. Đồng hồ được trang bị cơ chế tự động và các chỉ số giờ rõ ràng, cùng với lịch ngày ở vị trí 3 giờ, tạo nên sự tiện ích và chính xác. Dây đeo bằng da cao cấp hoàn thiện vẻ đẹp tinh tế của đồng hồ. Longines Master Collection L2.128.4.78.6 không chỉ là một phụ kiện thời trang mà còn là biểu tượng của sự đẳng cấp và sự tinh tế trong thiết kế đồng hồ nữ.', 'Nữ', 100, 'L2.128.4.78.6', 'Automatic (Máy cơ tự động)', '25.5mm', 'Thụy Sỹ', 'Thép không gỉ 316L', '30m', 'Thép không gỉ 316L', 'Sapphire', 'Trắng', 'Sang trọng', 'Mặt tròn', '2024-08-05 10:30:45', '1'),
('100', 'Đồng hồ nam Seiko 5 Quân Đội', 'ĐỒNG HỒ NAM SEIKO 5 SPORTS FIELD QUÂN ĐỘI SRPJ83K1', 8760000, 7884000, '100.webp', 'Đồng hồ nam Seiko 5 Quân Đội có thiết kế thể thao và bền bỉ với mặt số màu xanh quân đội hoặc đen, vỏ thép không gỉ, và dây đeo bằng vải hoặc cao su. Các chỉ số và kim phát quang giúp dễ đọc trong điều kiện ánh sáng yếu. Mặt kính Hardlex chống trầy xước và chức năng tự động hoàn thiện phong cách mạnh mẽ và đáng tin cậy.', 'Nam', 100, 'SRPJ83K1', 'Automatic (Máy cơ tự động)', '36.4mm', 'Nhật Bản', 'Dây dù', '100m', 'Thép không gỉ 316L', 'Hardlex Crystal', 'Vàng', 'Hiện đại', 'Mặt tròn', '2024-08-05 14:37:10', '10'),
('11', 'Đồng hồ nam Tissot PRX', 'ĐỒNG HỒ NAM TISSOT PRX POWERMATIC 80 T137.407.11.091.01', 21000000, 18900000, '11.webp', 'Đồng hồ nam Tissot PRX Powermatic 80 T137.407.11.091.01 nổi bật với thiết kế hiện đại và tính năng ưu việt. Với vỏ thép không gỉ và mặt số màu xanh đậm, đồng hồ này kết hợp sự thanh lịch với chức năng mạnh mẽ. Được trang bị cơ chế Powermatic 80, nó cung cấp đến 80 giờ dự trữ năng lượng, đảm bảo độ chính xác và độ bền cao. Các chỉ số giờ được thiết kế rõ ràng, cùng với dây đeo bằng thép không gỉ, tạo nên vẻ ngoài mạnh mẽ nhưng vẫn tinh tế. Đồng hồ Tissot PRX Powermatic 80 không chỉ là một phụ kiện thời trang mà còn là biểu tượng của sự đổi mới và sự tin cậy trong thiết kế đồng hồ.', 'Nam', 100, 'T137.407.11.091.01', 'Automatic (Máy cơ tự động)', '40mm', 'Thụy Sỹ', 'Thép không gỉ 316L', '100m', 'Thép không gỉ 316L', 'Sapphire', 'Xanh Lá', 'Hiện đại', 'Mặt tròn', '2024-08-05 10:33:44', '2'),
('12', 'Đồng hồ nam Tissot PRX', 'ĐỒNG HỒ NAM TISSOT PRX POWERMATIC 80 T137.407.33.021.00', 24340000, 21906000, '12.webp', 'Đồng hồ nam Tissot PRX Powermatic 80 T137.407.33.021.00 nổi bật với thiết kế hiện đại và thanh lịch. Với vỏ thép không gỉ và mặt số màu xám, đồng hồ này kết hợp phong cách cổ điển với các tính năng hiện đại. Được trang bị cơ chế Powermatic 80, đồng hồ cung cấp đến 80 giờ dự trữ năng lượng, mang đến độ chính xác và sự bền bỉ vượt trội. Các chỉ số giờ và kim được thiết kế rõ ràng, cùng với dây đeo bằng thép không gỉ, tạo nên vẻ ngoài tinh tế và sang trọng. Tissot PRX Powermatic 80 không chỉ là một phụ kiện thời trang mà còn là biểu tượng của sự đổi mới và chất lượng trong thiết kế đồng hồ.', 'Nam', 100, 'T137.407.33.021.00', 'Automatic (Máy cơ tự động)', '40mm', 'Thụy Sỹ', 'Thép không gỉ 316L mạ vàng công nghệ PVD', '100m', 'Thép không gỉ mạ vàng công nghệ PVD', 'Sapphire', 'Vàng', 'Hiện đại', 'Mặt tròn', '2024-08-05 10:36:14', '2'),
('13', 'Đồng hồ nam Tissot PRX', 'ĐỒNG HỒ NAM TISSOT PRX POWERMATIC 80 T137.407.11.351.00', 21800000, 18900000, '13.webp', 'Đồng hồ nam Tissot PRX Powermatic 80 T137.407.11.351.00 là một mẫu đồng hồ thể thao với thiết kế tinh tế và hiện đại. Với vỏ thép không gỉ và mặt số màu đen, đồng hồ này kết hợp giữa phong cách cổ điển và tính năng mạnh mẽ. Được trang bị cơ chế Powermatic 80, nó cung cấp lên đến 80 giờ dự trữ năng lượng, đảm bảo độ chính xác và độ bền cao. Các chỉ số giờ và kim được thiết kế rõ ràng, cùng với dây đeo bằng thép không gỉ, tạo nên vẻ ngoài mạnh mẽ nhưng vẫn thanh lịch. Tissot PRX Powermatic 80 không chỉ là một phụ kiện thời trang mà còn là biểu tượng của sự đổi mới và sự tin cậy trong thiết kế đồng hồ.', 'Nam', 100, 'T137.407.11.351.00', 'Automatic (Máy cơ tự động)', '40mm', 'Thụy Sỹ', 'Thép không gỉ 316L', '100m', 'Thép không gỉ 316L', 'Sapphire', 'Xanh lam', 'Hiện đại', 'Mặt tròn', '2024-08-05 10:37:50', '2'),
('14', 'Đồng hồ nam Tissot PRX', 'TISSOT PRX POWERMATIC 80 T137.407.11.041.00', 21000000, 18900000, '14.webp', 'Đồng hồ Tissot PRX Powermatic 80 T137.407.11.041.00 nổi bật với thiết kế hiện đại và thanh lịch. Với vỏ thép không gỉ và mặt số màu xanh dương, đồng hồ này kết hợp sự tinh tế với tính năng tiên tiến. Trang bị cơ chế Powermatic 80, đồng hồ cung cấp đến 80 giờ dự trữ năng lượng, đảm bảo độ chính xác và độ bền cao. Các chỉ số giờ và kim được thiết kế rõ ràng, cùng với dây đeo bằng thép không gỉ, tạo nên vẻ ngoài sang trọng và phong cách. Tissot PRX Powermatic 80 không chỉ là một phụ kiện thời trang mà còn là biểu tượng của sự đổi mới và sự tin cậy trong thiết kế đồng hồ.', 'Nam', 100, 'T137.407.11.041.00', 'Automatic (Máy cơ tự động)', '40mm', 'Thụy Sỹ', 'Thép không gỉ 316L', '100m', 'Thép không gỉ 316L', 'Sapphire', 'Xanh lam', 'Hiện đại', 'Mặt tròn', '2024-08-05 10:39:48', '2'),
('15', 'Đồng hồ nữ Tissot T-Lady', 'ĐỒNG HỒ NỮ TISSOT LOVELY ROUND T140.009.33.111.00', 12600000, 11340000, '15.webp', 'Đồng hồ nữ Tissot Lovely Round T140.009.33.111.00 nổi bật với thiết kế thanh lịch và nữ tính. Với vỏ thép không gỉ và mặt số màu bạc sáng, đồng hồ này mang đến vẻ đẹp tinh tế và sang trọng. Các chỉ số giờ được thiết kế rõ ràng và tinh xảo, cùng với dây đeo bằng da cao cấp, tạo nên một phụ kiện thời trang hoàn hảo cho các dịp trang trọng. Tissot Lovely Round không chỉ là một đồng hồ chính xác mà còn là biểu tượng của sự thanh lịch và phong cách.', 'Nữ', 100, 'T140.009.33.111.00', 'Quartz (Máy pin - điện tử)', '19.5mm', 'Thụy Sỹ', 'Thép không gỉ 316L mạ vàng công nghệ PVD', '30m', 'Thép không gỉ mạ vàng công nghệ PVD', 'Sapphire', 'Trắng', 'Thời trang', 'Mặt tròn', '2024-08-05 10:43:02', '2'),
('16', 'Đồng hồ nữ Tissot T-Lady', 'ĐỒNG HỒ NỮ TISSOT LOVELY SQUARE FESTIVE KIT T058.109.17.036.02', 11900000, 10710000, '16.webp', 'Đồng hồ nữ Tissot Lovely Square Festive Kit T058.109.17.036.02 nổi bật với thiết kế hiện đại và thanh lịch. Với vỏ thép không gỉ hình vuông và mặt số màu bạc, đồng hồ này mang đến sự sang trọng và phong cách tinh tế. Các chỉ số giờ được thiết kế rõ ràng và dây đeo bằng da cao cấp tạo nên vẻ đẹp hoàn hảo. Đồng hồ còn đi kèm với bộ kit trang trí lễ hội, thêm phần đặc biệt cho các dịp quan trọng. Tissot Lovely Square Festive Kit không chỉ là một phụ kiện thời trang mà còn là biểu tượng của sự đẳng cấp và sự đổi mới trong thiết kế đồng hồ nữ.', 'Nữ', 100, 'T058.109.17.036.02', 'Quartz (Máy pin - điện tử)', '20mm', 'Thụy Sỹ', 'Dây da', '30m', 'Thép không gỉ 316L', 'Sapphire', 'Trắng', 'Thời trang', 'Mặt vuông', '2024-08-05 10:45:22', '2'),
('17', 'Đồng hồ nữ Tissot Everytime', 'ĐỒNG HỒ NỮ TISSOT EVERYTIME LADY T143.210.17.331.00', 7700000, 6160000, '17.webp', 'Đồng hồ nữ Tissot Everytime Lady T143.210.17.331.00 nổi bật với thiết kế thanh lịch và đơn giản. Với vỏ thép không gỉ và mặt số màu bạc sáng, đồng hồ này mang đến vẻ đẹp tinh tế và sự thanh thoát. Các chỉ số giờ được thiết kế rõ ràng, kết hợp với dây đeo bằng da màu nâu, tạo nên một phong cách cổ điển và sang trọng. Tissot Everytime Lady là lựa chọn lý tưởng cho những ai yêu thích sự thanh lịch và sự chính xác trong từng chi tiết.', 'Nữ', 100, 'T143.210.17.331.00', 'Quartz (Máy pin - điện tử)', '34mm', 'Thụy Sỹ', 'Dây da', '50m', 'Thép không gỉ 316L', 'Sapphire', 'Hồng', 'Hiện đại', 'Mặt tròn', '2024-08-05 10:48:01', '2'),
('18', 'Đồng hồ nữ Tissot T-Lady', 'TISSOT BELLISSIMA SMALL LADY T126.010.16.013.01', 11500000, 10395000, '18.webp', 'Đồng hồ Tissot Bellissima Small Lady T126.010.16.013.01 nổi bật với thiết kế tinh tế và sang trọng, phù hợp với phong cách thanh lịch của phụ nữ. Với vỏ thép không gỉ mạ vàng hồng và mặt số màu bạc, đồng hồ này mang đến vẻ đẹp cổ điển và sự thanh thoát. Các chỉ số giờ được thiết kế rõ ràng, cùng với dây đeo bằng da cao cấp màu nâu, tạo nên sự kết hợp hoàn hảo giữa phong cách và chức năng. Tissot Bellissima Small Lady không chỉ là một phụ kiện thời trang mà còn là biểu tượng của sự tinh tế và sự đẳng cấp trong thiết kế đồng hồ nữ.', 'Nữ', 100, 'T126.010.16.013.01', 'Quartz (Máy pin - điện tử)', '26mm', 'Thuỵ Sỹ', 'Dây da', '50m', 'Thép không gỉ 316L', 'Sapphire', 'Hồng', 'Hiện đại', 'Mặt tròn', '2024-08-05 10:50:23', '2'),
('19', 'Đồng hồ nữ Tissot T-Lady', 'ĐỒNG HỒ NỮ TISSOT LOVELY SQUARE SUMMER KIT T058.109.36.031.03', 11200000, 10080000, '19.webp', 'Đồng hồ nữ Tissot Lovely Square Summer Kit T058.109.36.031.03 nổi bật với thiết kế trẻ trung và phong cách. Với vỏ thép không gỉ hình vuông và mặt số màu bạc, đồng hồ này mang đến vẻ đẹp tinh tế và hiện đại. Các chỉ số giờ được thiết kế rõ ràng, cùng với dây đeo bằng da cao cấp màu xanh, tạo nên sự kết hợp hoàn hảo cho mùa hè. Đồng hồ còn đi kèm với bộ kit mùa hè, thêm phần đặc biệt cho các dịp vui tươi. Tissot Lovely Square Summer Kit không chỉ là một phụ kiện thời trang mà còn là biểu tượng của sự thanh lịch và sự đổi mới trong thiết kế đồng hồ nữ.', 'Nữ', 100, 'T058.109.36.031.03', 'Quartz (Máy pin - điện tử)', '20mm', 'Thuỵ Sỹ', 'Dây da', '30m', 'Thép không gỉ mạ vàng công nghệ PVD', 'Sapphire', 'Trắng', 'Thời trang', 'Mặt vuông', '2024-08-05 10:53:13', '2'),
('2', 'Đồng hồ unisex Longines Conquest', 'ĐỒNG HỒ LONGINES CONQUEST AUTOMATIC L3.320.4.72.6 (L33204726)', 53187000, 47868000, '2.webp', 'Đồng hồ Longines Conquest Automatic L3.320.4.72.6 (L33204726) nổi bật với thiết kế thanh lịch và tinh tế, thuộc dòng Conquest nổi tiếng của Longines. Với vỏ thép không gỉ và mặt số màu xanh đậm, đồng hồ này kết hợp sự sang trọng với tính năng thể thao. Nó được trang bị cơ chế tự động, đảm bảo độ chính xác và độ bền cao. Các chi tiết kim loại bóng bẩy và các chỉ số giờ nổi bật tạo nên vẻ đẹp mạnh mẽ nhưng vẫn giữ được sự thanh lịch. Đồng hồ Longines Conquest Automatic L3.320.4.72.6 là lựa chọn lý tưởng cho những ai yêu thích sự kết hợp giữa phong cách cổ điển và công nghệ hiện đại', 'Unisex', 100, 'L3.320.4.72.6', 'Automatic (Máy cơ tự động)', '30mm', 'Thụy Sỹ', 'Thép không gỉ 316L', '100m', 'Thép không gỉ 316L', 'Sapphire', 'Hồng', 'Sang trọng', 'Mặt tròn', '2024-08-05 10:06:03', '1'),
('20', 'Đồng hồ nữ Tissot Heritage', 'TISSOT HERITAGE PORTO SMALL LADY T128.109.16.282.00', 12950000, 11655000, '20.webp', 'Đồng hồ nữ Tissot Heritage Porto Small Lady T128.109.16.282.00 mang đến sự kết hợp hoàn hảo giữa thiết kế cổ điển và phong cách hiện đại. Với vỏ thép không gỉ mạ vàng hồng và mặt số màu bạc, đồng hồ này tỏa ra vẻ đẹp thanh lịch và sang trọng. Các chỉ số giờ được thiết kế rõ ràng với các chữ số La Mã, kết hợp với dây đeo bằng da màu nâu, tạo nên sự hoàn thiện hoàn hảo cho phong cách cổ điển. Tissot Heritage Porto Small Lady không chỉ là một phụ kiện thời trang tinh tế mà còn là biểu tượng của sự đẳng cấp và sự tinh xảo trong thiết kế đồng hồ nữ.', 'Nữ', 100, 'T128.109.16.282.00', 'Quartz (Máy pin - điện tử)', '30.1mm - 22mm', 'Thuỵ Sỹ', 'Dây da', '30m', 'Thép không gỉ 316L', 'Mặt kính cứng', 'Da Cam', 'Thời trang', 'Mặt chữ nhật', '2024-08-05 10:55:50', '2'),
('21', 'Đồng hồ nữ Mido Rainflower', 'ĐỒNG HỒ NỮ MIDO RAINFLOWER M043.207.11.106.00 (M0432071110600)', 30630000, 27567000, '21.webp', 'Đồng hồ nữ Mido Rainflower M043.207.11.106.00 (M0432071110600) nổi bật với thiết kế tinh tế và thanh lịch. Với vỏ thép không gỉ và mặt số màu bạc, đồng hồ này mang đến vẻ đẹp sang trọng và hiện đại. Các chỉ số giờ được thiết kế rõ ràng, cùng với dây đeo bằng da cao cấp màu nâu, tạo nên sự kết hợp hoàn hảo giữa phong cách và chức năng. Mido Rainflower không chỉ là một phụ kiện thời trang mà còn là biểu tượng của sự thanh lịch và sự chính xác trong thiết kế đồng hồ nữ.', 'Nữ', 100, 'M043.207.11.106.00', 'Automatic (Máy cơ tự động)', '34mm', 'Thuỵ Sỹ', 'Thép không gỉ 316L', '30m', 'Thép không gỉ 316L', 'Saphire chống xước với lớp phủ chống phản chiếu', 'Xám', 'Sang trọng', 'Mặt tròn', '2024-08-05 10:58:56', '3'),
('22', 'Đồng hồ nữ Mido Baroncelli', 'ĐỒNG HỒ NAM MIDO BARONCELLI HERITAGE LADY M027.207.36.266.00 (M0272073626600)', 37830000, 34047000, '22.webp', 'Đồng hồ nam Mido Baroncelli Heritage M027.207.36.266.00 (M0272073626600) nổi bật với thiết kế cổ điển và thanh lịch. Với vỏ thép không gỉ mạ vàng hồng và mặt số màu bạc, đồng hồ này tỏa ra vẻ đẹp sang trọng và tinh tế. Các chỉ số giờ được thiết kế rõ ràng và kim đồng hồ được chế tác tinh xảo, kết hợp với dây đeo bằng da cao cấp màu nâu, tạo nên một phong cách cổ điển nhưng vẫn hiện đại. Mido Baroncelli Heritage không chỉ là một phụ kiện thời trang đẳng cấp mà còn là biểu tượng của sự chính xác và sự tinh xảo trong thiết kế đồng hồ.', 'Nữ', 100, 'M027.207.36.266.00', 'Automatic (Máy cơ tự động)', '34mm', 'Thuỵ Sỹ', 'Dây da', '30m', 'Thép không gỉ mạ vàng công nghệ PVD', 'Sapphire', 'Trắng', 'Sang trọng', 'Mặt tròn', '2024-08-05 11:01:21', '3'),
('23', 'Đồng hồ nữ Mido Baroncelli', 'ĐỒNG HỒ NỮ MIDO BARONCELLI LADY NECKLACE M037.807.22.031.00 (M0378072203100)', 37830000, 34047000, '23.webp', 'Đồng hồ nữ Mido Baroncelli Lady Necklace M037.807.22.031.00 (M0378072203100) nổi bật với thiết kế sang trọng và tinh tế. Với vỏ thép không gỉ mạ vàng hồng và mặt số màu bạc, đồng hồ này mang đến vẻ đẹp thanh lịch và hiện đại. Các chỉ số giờ được thiết kế tinh xảo, cùng với dây đeo bằng da cao cấp màu nâu, tạo nên sự kết hợp hoàn hảo cho phong cách nữ tính. Mido Baroncelli Lady Necklace không chỉ là một phụ kiện thời trang mà còn là biểu tượng của sự đẳng cấp và sự chính xác trong thiết kế đồng hồ nữ.', 'Nữ', 100, 'M037.807.22.031.00', 'Automatic (Máy cơ tự động)', '34mm', 'Thuỵ Sỹ', 'Thép không gỉ 316L mạ vàng công nghệ PVD', '50m', 'Thép không gỉ mạ vàng công nghệ PVD', 'Sapphire', 'Khảm trai', 'Hiện đại', 'Mặt tròn', '2024-08-05 11:03:28', '3'),
('24', 'Đồng hồ nữ Mido Commander', 'ĐỒNG HỒ NỮ MIDO COMMANDER LADY M021.207.16.296.00 (M0212071629600)', 29450000, 26505000, '24.webp', 'Đồng hồ nữ Mido Commander Lady M021.207.16.296.00 (M0212071629600) nổi bật với thiết kế cổ điển và thanh lịch. Vỏ thép không gỉ và mặt số màu bạc sáng tạo nên sự sang trọng và hiện đại. Các chỉ số giờ và kim đồng hồ được thiết kế tinh xảo, với dây đeo bằng da cao cấp màu nâu hoàn thiện vẻ đẹp của đồng hồ. Mido Commander Lady không chỉ là một phụ kiện thời trang tinh tế mà còn là biểu tượng của sự chính xác và sự đẳng cấp trong thiết kế đồng hồ nữ.', 'Nữ', 100, 'M021.207.16.296.00', 'Automatic (Máy cơ tự động)', '35mm', 'Thuỵ Sỹ', 'Dây da', '50m', 'Thép không gỉ 316L', 'Sapphire', 'Nâu', 'Sang trọng', 'Mặt tròn', '2024-08-05 11:06:34', '3'),
('25', 'Đồng hồ nam Mido Multifort', 'ĐỒNG HỒ NAM MIDO MULTIFORT TV BIG DATE M049.526.17.081.00 (M0495261708100)', 29690000, 26721000, '25.webp', 'Đồng hồ nam Mido Multifort TV Big Date M049.526.17.081.00 (M0495261708100) nổi bật với thiết kế thể thao và mạnh mẽ. Vỏ thép không gỉ kết hợp với mặt số màu đen và các chỉ số giờ rõ ràng mang đến sự hiện đại và phong cách. Đồng hồ được trang bị cơ chế Big Date, cung cấp lịch ngày lớn và dễ đọc, cùng với chức năng chống nước và khả năng chống va đập. Dây đeo bằng cao su hoặc thép không gỉ hoàn thiện vẻ ngoài thể thao của đồng hồ. Mido Multifort TV Big Date không chỉ là một phụ kiện thời trang mà còn là biểu tượng của sự bền bỉ và sự chính xác trong thiết kế đồng hồ.', 'Nam', 100, 'M049.526.17.081.00', 'Automatic (Máy cơ tự động)', '40mm - 39.2mm', 'Thuỵ Sỹ', 'Dây cao su', '100m', 'Thép không gỉ 316L', 'Sapphire', 'Đen', 'Hiện đại', 'Mặt vuông', '2024-08-05 11:09:03', '3'),
('26', 'Đồng hồ nam Mido Multifort', 'ĐỒNG HỒ NAM MIDO MULTIFORT TV BIG DATE M049.526.17.041.00 (M0495261704100)', 29690000, 26721000, '26.webp', 'Đồng hồ nam Mido Multifort TV Big Date M049.526.17.041.00 (M0495261704100) nổi bật với thiết kế thể thao và hiện đại. Vỏ thép không gỉ kết hợp với mặt số màu đen tạo nên vẻ ngoài mạnh mẽ và sang trọng. Đồng hồ trang bị cơ chế Big Date, cung cấp lịch ngày lớn và dễ đọc, cùng với chức năng chống nước và độ bền cao. Dây đeo bằng cao su hoặc thép không gỉ hoàn thiện phong cách thể thao của đồng hồ. Mido Multifort TV Big Date không chỉ là một phụ kiện thời trang mà còn là biểu tượng của sự chính xác và sự bền bỉ trong thiết kế đồng hồ.', 'Nam', 100, 'M049.526.17.041.00', 'Automatic (Máy cơ tự động)', '40mm - 39.2mm', 'Thuỵ Sỹ', 'Dây cao su', '100m', 'Thép không gỉ 316L', 'Sapphire', 'Xanh lam', 'Hiện đại', 'Mặt vuông', '2024-08-05 11:10:36', '3'),
('27', 'Đồng hồ nam Mido Multifort', 'ĐỒNG HỒ NAM MIDO MULTIFORT M M038.430.11.031.00 (M0384301103100)', 23750000, 21375000, '27.webp', 'Đồng hồ nam Mido Multifort M M038.430.11.031.00 (M0384301103100) nổi bật với thiết kế thể thao và mạnh mẽ. Với vỏ thép không gỉ và mặt số màu đen, đồng hồ này kết hợp sự hiện đại và tính năng bền bỉ. Các chỉ số giờ rõ ràng và kim đồng hồ được chế tác tinh xảo, cùng với cơ chế chống nước và chức năng ngày, tạo nên một phụ kiện lý tưởng cho các hoạt động hàng ngày. Dây đeo bằng cao su hoặc thép không gỉ hoàn thiện vẻ ngoài thể thao của đồng hồ. Mido Multifort M không chỉ là một phụ kiện thời trang mà còn là biểu tượng của sự chính xác và độ bền trong thiết kế đồng hồ.', 'Nam', 100, 'M038.430.11.031.00', 'Automatic (Máy cơ tự động)', '42mm', 'Thuỵ Sỹ', 'Thép không gỉ 316L', '100m', 'Thép không gỉ 316L', 'Sapphire', 'Trắng', 'Hiện đại', 'Mặt tròn', '2024-08-05 11:12:51', '3'),
('28', 'Đồng hồ nam Mido Ocean Star', 'MIDO OCEAN STAR DIVER 600 M026.608.11.041.01', 48750000, 43875000, '28.webp', 'Đồng hồ Mido Ocean Star Diver 600 M026.608.11.041.01 là một mẫu đồng hồ thể thao chuyên dụng với thiết kế mạnh mẽ và bền bỉ. Vỏ thép không gỉ và mặt số màu đen được trang bị các chỉ số giờ luminescent và kim đồng hồ để dễ dàng đọc trong điều kiện ánh sáng yếu. Đồng hồ có khả năng chống nước lên đến 600 mét, lý tưởng cho các hoạt động lặn biển chuyên sâu. Các chức năng bao gồm đồng hồ bấm giờ và lịch ngày, cùng với dây đeo cao su chống nước và chống mài mòn, làm nổi bật tính năng bền bỉ và hiệu suất của đồng hồ. Mido Ocean Star Diver 600 không chỉ là một phụ kiện thời trang thể thao mà còn là biểu tượng của sự chính xác và độ tin cậy trong môi trường khắc nghiệt.', 'Nam', 100, 'M026.608.11.041.01', 'Automatic Chronometer (Máy cơ tự động chuẩn COSC)', '42mm', 'Thuỵ Sỹ', 'Thép không gỉ 316L', '600m', 'Thép không gỉ 316L', 'Sapphire', 'Xanh lam', 'Thể thao sang trọng', 'Mặt tròn', '2024-08-05 11:15:10', '3'),
('29', 'Đồng hồ nữ Mido Baroncelli', 'MIDO BARONCELLI LADY MINI M039.007.11.076.00 (M0390071107600)', 24080000, 21672000, '29.webp', 'Đồng hồ nữ Mido Baroncelli Lady Mini M039.007.11.076.00 (M0390071107600) nổi bật với thiết kế tinh tế và thanh lịch. Vỏ thép không gỉ mạ vàng hồng và mặt số màu bạc tạo nên vẻ đẹp sang trọng và hiện đại. Các chỉ số giờ được thiết kế tinh xảo, cùng với dây đeo bằng da cao cấp màu nâu, hoàn thiện phong cách cổ điển nhưng vẫn hiện đại. Đồng hồ có kích thước nhỏ gọn, phù hợp với cổ tay nhỏ, và mang đến sự chính xác và sự tinh tế trong thiết kế. Mido Baroncelli Lady Mini không chỉ là một phụ kiện thời trang mà còn là biểu tượng của sự thanh lịch và đẳng cấp.', 'Nữ', 100, 'M039.007.11.076.00', 'Automatic (Máy cơ tự động)', '25mm', 'Thụy Sỹ', 'Thép không gỉ 316L', '50m', 'Thép không gỉ 316L', 'Sapphire', 'Xám', 'Hiện đại', 'Mặt tròn', '2024-08-05 11:17:40', '3'),
('3', 'Đồng hồ unisex Longines Conquest', 'ĐỒNG HỒ LONGINES CONQUEST AUTOMATIC L3.320.4.97.6 (L33204976)', 66125000, 59512000, '3.webp', 'Đồng hồ Longines Conquest Automatic L3.320.4.97.6 (L33204976) là một mẫu đồng hồ thể thao sang trọng, nổi bật với thiết kế mạnh mẽ và tinh tế. Với vỏ thép không gỉ và mặt số màu đen, đồng hồ này mang đến vẻ ngoài mạnh mẽ nhưng vẫn thanh lịch. Các chỉ số giờ và phút được thiết kế rõ ràng, kết hợp với cơ chế tự động để đảm bảo độ chính xác cao và sự bền bỉ. Đồng hồ này không chỉ là một phụ kiện thời trang mà còn là biểu tượng của sự tinh xảo và sự đổi mới trong thiết kế đồng hồ thể thao.', 'Unisex', 100, 'L3.320.4.97.6', 'Automatic (Máy cơ tự động)', '30mm', 'Thụy Sỹ', 'Thép không gỉ 316L', '100m', 'Thép không gỉ 316L', 'Sapphire', 'Xanh lam', 'Sang trọng', 'Mặt tròn', '2024-08-05 10:08:47', '1'),
('30', 'Đồng hồ nam Mido Multifort', 'MIDO MULTIFORT DUAL TIME GMT M038.429.36.051.00 (M0384293605100)', 30950000, 27855000, '30.webp', 'Đồng hồ Mido Multifort Dual Time GMT M038.429.36.051.00 (M0384293605100) nổi bật với thiết kế thể thao và tính năng đa dạng. Vỏ thép không gỉ kết hợp với mặt số màu đen, các chỉ số giờ rõ ràng, và chức năng GMT giúp theo dõi hai múi giờ khác nhau. Đồng hồ còn trang bị chức năng chống nước và chống trầy xước, làm cho nó trở thành lựa chọn lý tưởng cho những ai cần một chiếc đồng hồ bền bỉ và chính xác trong các điều kiện khác nhau. Dây đeo bằng thép không gỉ hoàn thiện vẻ ngoài thể thao của đồng hồ. Mido Multifort Dual Time GMT không chỉ là một phụ kiện thời trang mà còn là biểu tượng của sự chính xác và độ bền trong thiết kế đồng hồ.', 'Nam', 100, 'M038.429.36.051.00', 'Automatic (Máy cơ tự động)', '25mm', 'Thụy Sỹ', 'Dây da', '50m', 'Thép không gỉ mạ công nghệ PVD', 'Sapphire', 'Đen', 'Hiện đại', 'Mặt tròn', '2024-08-05 11:21:11', '3'),
('31', 'Đồng hồ nữ Hamilton Jazzmaste', 'ĐỒNG HỒ NỮ HAMILTON JAZZMASTER PERFORMER AUTO H36135130', 27280000, 24552000, '31.webp', 'Đồng hồ nữ Hamilton Jazzmaster Performer Auto H36135130 nổi bật với thiết kế thanh lịch và tinh tế. Với vỏ thép không gỉ và mặt số màu bạc, đồng hồ này kết hợp sự hiện đại với sự cổ điển. Các chỉ số giờ được thiết kế rõ ràng, cùng với các kim đồng hồ được chế tác tinh xảo, mang đến vẻ đẹp sang trọng. Đồng hồ được trang bị cơ chế tự động, đảm bảo độ chính xác và hiệu suất tốt. Dây đeo bằng da cao cấp màu nâu hoàn thiện phong cách của đồng hồ. Hamilton Jazzmaster Performer Auto không chỉ là một phụ kiện thời trang mà còn là biểu tượng của sự chính xác và đẳng cấp trong thiết kế đồng hồ nữ.', 'Nữ', 100, 'H36135130', 'Automatic (Máy cơ tự động)', '34mm', 'Thụy Sỹ', 'Thép không gỉ 316L', '50m', 'Thép không gỉ 316L', 'Sapphire', 'Đen', 'Sang trọng', 'Mặt tròn', '2024-08-05 11:24:33', '4'),
('32', 'Đồng hồ nam Hamilton Jazzmaster', 'ĐỒNG HỒ NAM HAMILTON JAZZMASTER OPEN HEART INDEX 40MM H32675140', 27280000, 24552000, '32.webp', 'Đồng hồ nam Hamilton Jazzmaster Open Heart Index 40mm H32675140 nổi bật với thiết kế tinh tế và hiện đại. Vỏ thép không gỉ kết hợp với mặt số màu bạc, mở lộ cơ chế hoạt động bên trong qua cửa sổ Open Heart, tạo điểm nhấn độc đáo và thu hút. Các chỉ số giờ được thiết kế rõ ràng, cùng với kim đồng hồ được chế tác tinh xảo, mang đến vẻ đẹp sang trọng và hiện đại. Đồng hồ có kích thước 40mm, vừa vặn với nhiều kích cỡ cổ tay, và dây đeo bằng da cao cấp màu nâu hoàn thiện phong cách của đồng hồ. Hamilton Jazzmaster Open Heart Index không chỉ là một phụ kiện thời trang mà còn là biểu tượng của sự chính xác và sự đổi mới trong thiết kế đồng hồ nam.', 'Nữ', 100, 'H32675140', 'Automatic (Máy cơ tự động)', '40mm', 'Thụy Sỹ', 'Thép không gỉ 316L', '50m', 'Thép không gỉ 316L', 'Sapphire', 'Xanh lam', 'Hiện đại', 'Mặt tròn', '2024-08-05 11:27:06', '4'),
('33', 'Đồng hồ nam Hamilton Khaki Field', 'HAMILTON KHAKI FIELD MECHANICAL H69439511', 14960000, 13464000, '33.webp', 'Đồng hồ Hamilton Khaki Field Mechanical H69439511 nổi bật với thiết kế đơn giản và chắc chắn, phù hợp cho những ai yêu thích phong cách quân đội và phiêu lưu. Với vỏ thép không gỉ và mặt số màu đen, đồng hồ này mang đến vẻ ngoài mạnh mẽ và bền bỉ. Các chỉ số giờ và kim đồng hồ được thiết kế rõ ràng với ánh sáng phát quang, giúp dễ dàng đọc giờ trong điều kiện ánh sáng yếu. Đồng hồ được trang bị cơ chế cơ học, tạo ra sự chính xác và độ tin cậy cao. Dây đeo bằng vải màu xanh quân đội hoàn thiện phong cách thể thao và thực dụng của đồng hồ. Hamilton Khaki Field Mechanical không chỉ là một phụ kiện thời trang mà còn là biểu tượng của sự bền bỉ và sự chính xác trong thiết kế đồng hồ.', 'Nam', 100, 'H69439511', 'Đồng hồ cơ lên giây cót bằng tay ( Manual winding )', '38mm', 'Thụy Sỹ', 'Dây da', '50m', 'Thép không gỉ 316L', 'Sapphire', 'Trắng', 'Quân đội', 'Mặt tròn', '2024-08-05 11:29:36', '4'),
('34', 'Đồng hồ nam Hamilton Khaki Navy', 'ĐỒNG HỒ NAM HAMILTON KHAKI NAVY FROGMAN AUTO H77705345', 26620000, 23958000, '34.webp', 'Đồng hồ nam Hamilton Khaki Navy Frogman Auto H77705345 nổi bật với thiết kế mạnh mẽ và chức năng đặc biệt dành cho các hoạt động dưới nước. Với vỏ thép không gỉ và mặt số màu đen, đồng hồ này kết hợp sự bền bỉ với phong cách thể thao. Đặc biệt, đồng hồ có khả năng chống nước lên đến 300 mét, lý tưởng cho lặn biển và các hoạt động dưới nước khác. Các chỉ số giờ và kim đồng hồ được thiết kế rõ ràng và dễ đọc trong điều kiện ánh sáng yếu, với các chi tiết phát quang để tăng cường khả năng đọc giờ trong bóng tối. Dây đeo cao su đen cung cấp sự thoải mái và độ bền cao. Hamilton Khaki Navy Frogman Auto không chỉ là một phụ kiện thời trang mà còn là biểu tượng của sự bền bỉ và sự chính xác trong thiết kế đồng hồ dành cho các hoạt động thể thao và lặn biển.', 'Nam', 100, 'H77705345', 'Automatic (Máy cơ tự động)', '42mm', 'Thụy Sỹ', 'Dây cao su', '300m', 'Thép không gỉ 316L', 'Sapphire', 'Xanh lam', 'Sang trọng', 'Mặt tròn', '2024-08-05 11:32:02', '4'),
('35', 'Đồng hồ unisex Hamilton Khaki', 'ĐỒNG HỒ HAMILTON KHAKI NAVY SCUBA AUTO H82395332', 2620000, 2458000, '35.webp', 'Đồng hồ Hamilton Khaki Navy Scuba Auto H82395332 nổi bật với thiết kế thể thao và tính năng đa dụng, phù hợp cho các hoạt động dưới nước. Với vỏ thép không gỉ và mặt số màu xanh đậm, đồng hồ mang đến vẻ ngoài mạnh mẽ và hiện đại. Đặc biệt, đồng hồ có khả năng chống nước lên đến 300 mét, lý tưởng cho lặn biển và các hoạt động thể thao dưới nước. Các chỉ số giờ và kim đồng hồ được thiết kế rõ ràng với chi tiết phát quang, giúp dễ dàng đọc giờ trong điều kiện ánh sáng yếu. Dây đeo cao su màu đen đảm bảo sự thoải mái và độ bền cao. Hamilton Khaki Navy Scuba Auto không chỉ là một phụ kiện thời trang mà còn là biểu tượng của sự bền bỉ và chính xác trong thiết kế đồng hồ cho các hoạt động thể thao và lặn biển.', 'Unisex', 100, 'H82395332', 'Automatic (Máy cơ tự động)', '40mm', 'Thụy Sỹ', 'Dây cao su', '100m', 'Thép không gỉ 316L', 'Sapphire', 'Đen', 'Thể thao', 'Mặt tròn', '2024-08-05 11:35:42', '4'),
('36', 'Đồng hồ nữ Hamilton Jazzmaster', 'ĐỒNG HỒ NỮ HAMILTON JAZZMASTER H32275890', 25300000, 22770000, '36.webp', 'Đồng hồ nữ Hamilton Jazzmaster H32275890 nổi bật với thiết kế thanh lịch và sang trọng. Vỏ thép không gỉ mạ vàng hồng kết hợp với mặt số màu bạc tạo nên vẻ đẹp tinh tế và hiện đại. Các chỉ số giờ và kim đồng hồ được thiết kế rõ ràng, cùng với cửa sổ lịch ngày nhỏ ở vị trí 3 giờ, làm tăng thêm sự tiện ích và chức năng. Dây đeo bằng da cao cấp màu nâu hoàn thiện phong cách cổ điển của đồng hồ. Hamilton Jazzmaster H32275890 không chỉ là một phụ kiện thời trang mà còn là biểu tượng của sự chính xác và đẳng cấp trong thiết kế đồng hồ nữ.', 'Thụy Sỹ', 100, 'H32275890', 'Automatic (Máy cơ tự động)', '30mm', 'Thụy Sỹ', 'Dây da', '50m', 'Thép không gỉ 316L', 'Sapphire', 'Khảm trai', 'Hiện đại', 'Mặt tròn', '2024-08-05 11:38:22', '4'),
('37', 'Đồng hồ nữ Hamilton Jazzmaster', 'ĐỒNG HỒ NỮ HAMILTON JAZZMASTER OPEN HEART LADY H32215130', 25300000, 22770000, '37.webp', 'Đồng hồ nữ Hamilton Jazzmaster Open Heart Lady H32215130 nổi bật với thiết kế thanh lịch và hiện đại. Vỏ thép không gỉ mạ vàng hồng kết hợp với mặt số màu bạc, mở lộ cơ chế hoạt động bên trong qua cửa sổ Open Heart, tạo điểm nhấn độc đáo và thu hút. Các chỉ số giờ và kim đồng hồ được thiết kế tinh xảo, cùng với cửa sổ lịch ngày ở vị trí 3 giờ, mang đến sự tiện ích và sự sang trọng. Dây đeo bằng da cao cấp màu nâu hoàn thiện vẻ đẹp cổ điển của đồng hồ. Hamilton Jazzmaster Open Heart Lady không chỉ là một phụ kiện thời trang mà còn là biểu tượng của sự chính xác và đẳng cấp trong thiết kế đồng hồ nữ.', 'Nữ', 100, 'H32215130', 'Automatic (Máy cơ tự động)', '36mm', 'Thụy Sỹ', 'Thép không gỉ 316L', '50m', 'Thép không gỉ 316L', 'Sapphire', 'Đen', 'Sang trọng', 'Mặt tròn', '2024-08-05 11:40:27', '4'),
('38', 'Đồng hồ nữ Hamilton Ventura', 'ĐỒNG HỒ NỮ HAMILTON VENTURA H24211941', 22220000, 19998000, '38.webp', 'Đồng hồ nữ Hamilton Ventura H24211941 nổi bật với thiết kế độc đáo và hiện đại, kết hợp giữa sự sáng tạo và phong cách. Vỏ thép không gỉ mạ vàng hồng và mặt số màu bạc tạo nên vẻ đẹp sang trọng và tinh tế. Đồng hồ có hình dáng hình học đặc trưng với các đường nét mạnh mẽ, và kim đồng hồ cùng các chỉ số giờ được thiết kế rõ ràng, giúp dễ dàng đọc giờ. Dây đeo bằng da cao cấp màu đen hoàn thiện phong cách đặc biệt của đồng hồ. Hamilton Ventura H24211941 không chỉ là một phụ kiện thời trang ấn tượng mà còn là biểu tượng của sự đổi mới và đẳng cấp trong thiết kế đồng hồ nữ.', 'Nữ', 100, 'H24211941', 'Quartz (Máy pin - điện tử)', '24mm - 36.5mm', 'Thụy Sỹ', 'Dây dù', '50m', 'Thép không gỉ 316L', 'Sapphire', 'Xanh lam', 'Thời trang', 'Khác', '2024-08-05 11:43:51', '4'),
('39', 'Đồng hồ nữ Hamilton Jazzmaster', 'HAMILTON JAZZMASTER OPEN HEART H32215141', 24860000, 22374000, '40.webp', 'Đồng hồ Hamilton Jazzmaster Open Heart H32215141 nổi bật với thiết kế thanh lịch và hiện đại. Vỏ thép không gỉ kết hợp với mặt số màu bạc tạo nên vẻ đẹp sang trọng và tinh tế. Cửa sổ Open Heart trên mặt số cho phép bạn chiêm ngưỡng cơ chế hoạt động của đồng hồ, tạo điểm nhấn độc đáo và thu hút. Các chỉ số giờ và kim đồng hồ được thiết kế rõ ràng, cùng với cửa sổ lịch ngày ở vị trí 3 giờ, mang đến sự tiện ích và sự sang trọng. Dây đeo bằng da cao cấp màu nâu hoàn thiện phong cách cổ điển của đồng hồ. Hamilton Jazzmaster Open Heart H32215141 không chỉ là một phụ kiện thời trang mà còn là biểu tượng của sự chính xác và đẳng cấp trong thiết kế đồng hồ.', 'Nữ', 100, 'H32215141', 'Automatic (Máy cơ tự động)', '36mm', 'Thụy Sỹ', 'Thép không gỉ 316L', '50m', 'Thép không gỉ 316L', 'Sapphire', 'Xanh lam', 'Hiện đại', 'Mặt tròn', '2024-08-05 11:49:49', '4'),
('4', 'Đồng hồ nam Longines Master', 'ĐỒNG HỒ LONGINES MASTER COLLECTION L2.793.5.57.7 (L27935577)', 115000000, 110000000, '4.webp', 'Đồng hồ Longines Master Collection L2.793.5.57.7 (L27935577) là một mẫu đồng hồ cao cấp, nổi bật với thiết kế cổ điển và sự tinh xảo trong chế tác. Với vỏ thép không gỉ và mặt số màu bạc, đồng hồ này thể hiện sự thanh lịch và sang trọng. Nó được trang bị cơ chế tự động, với các chỉ số giờ và phút rõ ràng, cùng với lịch ngày và các chức năng khác, tạo nên sự tiện ích và chính xác. Đồng hồ Longines Master Collection L2.793.5.57.7 không chỉ là một phụ kiện thời trang mà còn là biểu tượng của sự đẳng cấp và sự tinh tế trong thiết kế đồng hồ.', 'Nam', 100, 'L2.793.5.57.7', 'Automatic (Máy cơ tự động)', '40mm', 'Thụy Sỹ', 'Thép không gỉ 316L/ Vàng 18K', '30m', 'Thép không gỉ 316L/ Vàng 18K', 'Sapphire', 'Đen', 'Sang trọng', 'Mặt tròn', '2024-08-05 10:12:59', '1'),
('40', 'Đồng hồ nữ Hamilton American', 'HAMILTON AMERICAN CLASSIC H31111183', 11220000, 10098000, '40.webp', 'HAMILTON AMERICAN CLASSIC H31111183 nổi bật với thiết kế thanh lịch và hiện đại. Vỏ thép không gỉ kết hợp với mặt số màu bạc tạo nên vẻ đẹp sang trọng và tinh tế. Cửa sổ Open Heart trên mặt số cho phép bạn chiêm ngưỡng cơ chế hoạt động của đồng hồ, tạo điểm nhấn độc đáo và thu hút. Các chỉ số giờ và kim đồng hồ được thiết kế rõ ràng, cùng với cửa sổ lịch ngày ở vị trí 3 giờ, mang đến sự tiện ích và sự sang trọng. Dây đeo bằng da cao cấp màu nâu hoàn thiện phong cách cổ điển của đồng hồ. Hamilton Jazzmaster Open Heart H32215141 không chỉ là một phụ kiện thời trang mà còn là biểu tượng của sự chính xác và đẳng cấp trong thiết kế đồng hồ.', 'Nữ', 100, 'H31111183', 'Quartz (Máy pin - điện tử)', '14,5mm - 28,4mm', 'Thụy Sỹ', 'Thép không gỉ 316L', '50m', 'Thép không gỉ 316L', 'Sapphire', 'Xanh lam', 'Hiện đại', 'Mặt tròn', '2024-08-05 11:52:26', '4'),
('41', 'Đồng hồ nam Certina Urban', 'ĐỒNG HỒ NAM CERTINA DS+ AUTOMATIC C041.407.19.041.01', 26420000, 23778000, '41.webp', 'Đồng hồ nam Certina DS+ Automatic C041.407.19.041.01 nổi bật với thiết kế thể thao và bền bỉ. Vỏ thép không gỉ kết hợp với mặt số màu đen mang đến vẻ ngoài mạnh mẽ và hiện đại. Các chỉ số giờ và kim đồng hồ được thiết kế rõ ràng với ánh sáng phát quang, giúp dễ dàng đọc giờ trong điều kiện ánh sáng yếu. Đồng hồ được trang bị cơ chế tự động, đảm bảo sự chính xác và độ tin cậy cao. Khả năng chống nước và chống sốc giúp đồng hồ phù hợp với các hoạt động thể thao và phiêu lưu. Dây đeo bằng thép không gỉ hoàn thiện phong cách thể thao và sang trọng của đồng hồ. Certina DS+ Automatic không chỉ là một phụ kiện thời trang mà còn là biểu tượng của sự bền bỉ và sự chính xác trong thiết kế đồng hồ.', 'Nữ', 100, 'C041.407.19.041.01', 'Quartz (Máy pin - điện tử)', '14,5mm - 28,4mm', 'Thụy Sỹ', 'Thép không gỉ 316L', '200m', 'Thép không gỉ 316L', 'Sapphire', 'Xanh lam', 'Thể thao', 'Mặt tròn', '2024-08-05 11:55:57', '5'),
('42', 'Đồng hồ nam Certina Urban', 'ĐỒNG HỒ NAM CERTINA DS-1 BIG DATE POWERMATIC 80 C029.426.11.041.00', 23350000, 21051000, '42.webp', 'Đồng hồ nam Certina DS-1 Big Date Powermatic 80 C029.426.11.041.00 nổi bật với thiết kế tinh tế và công nghệ tiên tiến. Vỏ thép không gỉ kết hợp với mặt số màu bạc tạo nên vẻ đẹp trang nhã và hiện đại. Đồng hồ trang bị cơ chế Powermatic 80, cung cấp khả năng dự trữ năng lượng lên đến 80 giờ, cùng với chức năng Big Date ở vị trí 6 giờ, giúp dễ dàng đọc ngày một cách rõ ràng. Các chỉ số giờ và kim đồng hồ được thiết kế tinh xảo với ánh sáng phát quang, cho phép đọc giờ trong điều kiện ánh sáng yếu. Dây đeo bằng da cao cấp màu nâu hoàn thiện phong cách cổ điển và sang trọng của đồng hồ. Certina DS-1 Big Date Powermatic 80 không chỉ là một phụ kiện thời trang mà còn là biểu tượng của sự chính xác và sự đổi mới trong thiết kế đồng hồ.', 'Nam', 100, 'C029.426.11.041.00', 'Automatic (Máy cơ tự động)', '41mm', 'Thụy Sỹ', 'Thép không gỉ 316L', '100m', 'Thép không gỉ 316L', 'Sapphire', 'Xanh lam', 'Sang trọng', 'Mặt tròn', '2024-08-05 11:59:13', '5'),
('43', 'Đồng hồ nam Certina Sport', 'CERTINA DS-2 FLYBACK C024.618.26.031.00', 26270000, 23643000, '43.webp', 'Đồng hồ Certina DS-2 Flyback C024.618.26.031.00 nổi bật với thiết kế thể thao và tính năng cao cấp. Vỏ thép không gỉ kết hợp với mặt số màu đen và các chỉ số giờ rõ ràng, mang đến vẻ ngoài mạnh mẽ và hiện đại. Đồng hồ trang bị chức năng Flyback, cho phép bạn đặt lại đồng hồ bấm giờ một cách nhanh chóng và dễ dàng, lý tưởng cho các hoạt động thể thao. Các kim đồng hồ và chỉ số giờ được thiết kế với ánh sáng phát quang, giúp dễ dàng đọc giờ trong điều kiện ánh sáng yếu. Dây đeo bằng cao su hoặc thép không gỉ hoàn thiện phong cách thể thao của đồng hồ. Certina DS-2 Flyback không chỉ là một phụ kiện thời trang mà còn là biểu tượng của sự chính xác và hiệu suất cao trong thiết kế đồng hồ.', 'Nam', 100, 'C024.618.26.031.00', 'Quartz Chronograph (Máy pin bấm giờ thể thao)', '43mm', 'Thụy Sỹ', 'Dây da', '100m', 'Thép không gỉ mạ vàng công nghệ PVD', 'Sapphire', 'Trắng', 'Thể thao', 'Mặt tròn', '2024-08-05 12:01:53', '5'),
('44', 'ĐỒNG HỒ CERTINA SPORT', 'CERTINA DS-2 CHRONOGRAPH C024.447.26.031.00', 24300000, 21870000, '44.webp', 'Đồng hồ Certina DS-2 Chronograph C024.447.26.031.00 nổi bật với thiết kế thể thao và tính năng đa dạng. Vỏ thép không gỉ kết hợp với mặt số màu đen tạo nên vẻ ngoài mạnh mẽ và hiện đại. Đồng hồ trang bị chức năng chronograph với ba mặt đồng hồ phụ, cho phép bạn đo thời gian một cách chính xác và dễ dàng. Các kim đồng hồ và chỉ số giờ được thiết kế rõ ràng với ánh sáng phát quang, giúp dễ dàng đọc giờ trong điều kiện ánh sáng yếu. Dây đeo bằng thép không gỉ hoặc cao su, tùy thuộc vào phiên bản, hoàn thiện phong cách thể thao và bền bỉ của đồng hồ. Certina DS-2 Chronograph không chỉ là một phụ kiện thời trang mà còn là biểu tượng của sự chính xác và hiệu suất cao trong thiết kế đồng hồ.', 'Nam', 100, 'C024.447.26.031.00', 'Quartz Chronograph (Máy pin bấm giờ thể thao)', '41mm', 'Thụy Sỹ', 'Dây da', '100m', 'Thép không gỉ mạ vàng công nghệ PVD', 'Sapphire', 'Trắng', 'Thể thao', 'Mặt tròn', '2024-08-05 12:04:26', '5'),
('45', 'Đồng hồ nữ Certina Urban', 'CERTINA DS PODIUM C025.210.36.118.00', 13460000, 12114000, '45.webp', 'Đồng hồ Certina DS Podium C025.210.36.118.00 nổi bật với thiết kế thể thao và sang trọng. Vỏ thép không gỉ kết hợp với mặt số màu đen, mang đến vẻ ngoài hiện đại và mạnh mẽ. Đồng hồ có các chỉ số giờ và kim đồng hồ rõ ràng, với chi tiết phát quang giúp dễ dàng đọc giờ trong điều kiện ánh sáng yếu. Chức năng chống nước và độ bền cao làm cho nó phù hợp với các hoạt động thể thao. Dây đeo bằng cao su hoặc thép không gỉ (tùy phiên bản) hoàn thiện phong cách thể thao và chắc chắn của đồng hồ. Certina DS Podium không chỉ là một phụ kiện thời trang mà còn là biểu tượng của sự chính xác và sự bền bỉ trong thiết kế đồng hồ.', 'Nữ', 100, 'C025.210.36.118.00', 'Quartz (Máy pin - điện tử)', '32.5mm', 'Thụy Sỹ', 'Dây da', '100m', 'Thép không gỉ mạ vàng công nghệ PVD', 'Sapphire', 'Khảm trai', 'Hiện đại', 'Mặt tròn', '2024-08-05 12:06:53', '5'),
('46', 'Đồng hồ nam Certina Urban', 'CERTINA DS-8 POWERMATIC 80 C033.407.22.031.00', 25290000, 22761000, '46.webp', 'Đồng hồ Certina DS-8 Powermatic 80 C033.407.22.031.00 nổi bật với thiết kế thanh lịch và công nghệ tiên tiến. Vỏ thép không gỉ kết hợp với mặt số màu đen tạo nên vẻ đẹp trang nhã và hiện đại. Đồng hồ trang bị cơ chế Powermatic 80, cung cấp khả năng dự trữ năng lượng lên đến 80 giờ, đảm bảo sự chính xác và độ tin cậy cao. Các chỉ số giờ và kim đồng hồ được thiết kế rõ ràng, với ánh sáng phát quang giúp dễ dàng đọc giờ trong điều kiện ánh sáng yếu. Cửa sổ lịch ngày ở vị trí 3 giờ tăng cường tính tiện ích. Dây đeo bằng da cao cấp màu nâu hoàn thiện phong cách cổ điển của đồng hồ. Certina DS-8 Powermatic 80 không chỉ là một phụ kiện thời trang mà còn là biểu tượng của sự chính xác và sự đổi mới trong thiết kế đồng hồ.', 'Nam', 100, 'C033.407.22.031.00', 'Automatic (Máy cơ tự động)', '39mm', 'Thụy Sỹ', 'Thép không gỉ 316L mạ vàng công nghệ PVD', '100m', 'Thép không gỉ mạ vàng công nghệ PVD', 'Sapphire', 'Trắng', 'Hiện đại', 'Mặt tròn', '2024-08-05 12:09:26', '5'),
('47', 'Đồng hồ nữ Certina Urban', 'CERTINA DS PODIUM C001.007.22.116.00', 24630000, 22167000, '47.webp', 'Đồng hồ Certina DS Podium C001.007.22.116.00 nổi bật với thiết kế thể thao và thanh lịch. Vỏ thép không gỉ kết hợp với mặt số màu bạc tạo nên vẻ đẹp hiện đại và tinh tế. Các chỉ số giờ và kim đồng hồ được thiết kế rõ ràng và dễ đọc, với chi tiết phát quang giúp dễ dàng theo dõi thời gian trong điều kiện ánh sáng yếu. Đồng hồ cũng trang bị chức năng chống nước, làm cho nó phù hợp với các hoạt động thể thao và sinh hoạt hàng ngày. Dây đeo bằng da cao cấp màu đen hoặc dây thép không gỉ tùy thuộc vào phiên bản, hoàn thiện phong cách thể thao và sang trọng của đồng hồ. Certina DS Podium không chỉ là một phụ kiện thời trang mà còn là biểu tượng của sự chính xác và sự bền bỉ trong thiết kế đồng hồ.', 'Nữ', 100, 'C001.007.22.116.00', 'Automatic (Máy cơ tự động)', '29mm', 'Thụy Sỹ', 'Thép không gỉ 316L mạ vàng công nghệ PVD', '100m', 'Thép không gỉ mạ vàng công nghệ PVD', 'Sapphire', 'Khảm trai', 'Hiện đại', 'Mặt tròn', '2024-08-05 12:12:34', '5'),
('48', 'ĐỒNG HỒ CERTINA URBAN', 'CERTINA DS-8 MOON PHASE C033.450.22.031.00', 26600000, 23940000, '48.webp', 'Đồng hồ Certina DS-8 Moon Phase C033.450.22.031.00 nổi bật với thiết kế tinh tế và chức năng cao cấp. Vỏ thép không gỉ kết hợp với mặt số màu bạc tạo nên vẻ đẹp sang trọng và hiện đại. Điểm nhấn của đồng hồ là chức năng Moon Phase, cho phép bạn theo dõi các giai đoạn của mặt trăng với một cửa sổ đặc biệt trên mặt số. Đồng hồ còn trang bị cơ chế Powermatic 80, cung cấp khả năng dự trữ năng lượng lên đến 80 giờ, đảm bảo sự chính xác và độ tin cậy cao. Các chỉ số giờ và kim đồng hồ được thiết kế rõ ràng với ánh sáng phát quang, giúp dễ dàng đọc giờ trong điều kiện ánh sáng yếu. Cửa sổ lịch ngày ở vị trí 3 giờ và dây đeo bằng da cao cấp màu nâu hoàn thiện phong cách cổ điển của đồng hồ. Certina DS-8 Moon Phase không chỉ là một phụ kiện thời trang mà còn là biểu tượng của sự chính xác và sự tinh tế trong thiết kế đồng hồ.', 'Nam', 100, 'C033.450.22.031.00', 'Quartz Chronograph (Máy pin bấm giờ thể thao)', '42mm', 'Thụy Sỹ', 'Thép không gỉ 316L mạ vàng công nghệ PVD', '100m', 'Thép không gỉ mạ vàng công nghệ PVD', 'Sapphire', 'Khảm trai', 'Hiện đại', 'Mặt tròn', '2024-08-05 12:14:38', '5'),
('49', 'Đồng hồ nam Certina Aqua', 'CERTINA DS-8 MOON PHASE C033.450.22.031.00', 26270000, 23643000, '49.webp', 'Đồng hồ Certina DS Action Diver Powermatic 80 C032.407.17.051.60 nổi bật với thiết kế thể thao và tính năng chống nước tuyệt vời. Vỏ thép không gỉ kết hợp với mặt số màu đen tạo nên vẻ ngoài mạnh mẽ và hiện đại. Đồng hồ trang bị cơ chế Powermatic 80, cung cấp khả năng dự trữ năng lượng lên đến 80 giờ, đảm bảo sự chính xác và độ tin cậy cao. Chức năng chống nước lên đến 300 mét làm cho nó lý tưởng cho lặn biển và các hoạt động dưới nước. Các chỉ số giờ và kim đồng hồ được thiết kế rõ ràng với chi tiết phát quang, giúp dễ dàng đọc giờ trong điều kiện ánh sáng yếu. Dây đeo bằng cao su màu đen hoàn thiện phong cách thể thao và chắc chắn của đồng hồ. Certina DS Action Diver Powermatic 80 không chỉ là một phụ kiện thời trang mà còn là biểu tượng của sự bền bỉ và hiệu suất cao trong thiết kế đồng hồ.', 'Nam', 100, 'C032.407.17.051.60', 'Automatic (Máy cơ tự động)', '43mm', 'Thụy Sỹ', 'Dây cao su', '300m', 'Thép không gỉ 316L', 'Sapphire', 'Khảm trai', 'Thể thao', 'Mặt tròn', '2024-08-05 12:17:22', '5'),
('5', 'Đồng hồ nam Longines Presence', 'ĐỒNG HỒ LONGINES PRESENCE AUTOMATIC ROMAN L4.921.2.11.2', 37375000, 33637000, '5.webp', 'Đồng hồ Longines Presence Automatic Roman L4.921.2.11.2 là một mẫu đồng hồ thanh lịch và tinh tế, mang đến sự kết hợp hoàn hảo giữa thiết kế cổ điển và chức năng hiện đại. Với vỏ thép không gỉ và mặt số màu bạc trang nhã, đồng hồ này nổi bật với các chữ số La Mã tinh xảo và các chỉ số giờ rõ ràng. Được trang bị cơ chế tự động, nó đảm bảo độ chính xác cao và sự bền bỉ. Đồng hồ Longines Presence Automatic Roman không chỉ là một phụ kiện thời trang mà còn là biểu tượng của sự thanh lịch và sự tinh tế trong thiết kế đồng hồ cổ điển.', 'Nam', 100, 'L4.921.2.11.2', 'Automatic (Máy cơ tự động)', '38.5mm', 'Thụy Sỹ', 'Dây da', '30m', 'Thép không gỉ mạ vàng công nghệ PVD', 'Sapphire', 'Trắng', 'Sang trọng', 'Mặt tròn', '2024-08-05 10:16:19', '1'),
('50', 'Đồng hồ nam Certina Urban', 'CERTINA DS-8 MOON PHASE C033.457.36.051.00 So sánh', 15760000, 14184000, '50.webp', 'Đồng hồ Certina DS-8 Moon Phase C033.457.36.051.00 nổi bật với thiết kế sang trọng và chức năng độc đáo. Vỏ thép không gỉ mạ vàng hồng kết hợp với mặt số màu đen tạo nên vẻ đẹp hiện đại và tinh tế. Điểm nhấn của đồng hồ là chức năng Moon Phase, hiển thị các giai đoạn của mặt trăng thông qua một cửa sổ đặc biệt trên mặt số, mang lại sự hấp dẫn và phong cách đặc biệt. Đồng hồ còn được trang bị chức năng lịch ngày, với cửa sổ ngày nhỏ ở vị trí 6 giờ. Các chỉ số giờ và kim đồng hồ được thiết kế rõ ràng với chi tiết phát quang, giúp dễ dàng đọc giờ trong điều kiện ánh sáng yếu. Dây đeo bằng da cao cấp màu đen hoàn thiện phong cách cổ điển và thanh lịch của đồng hồ. Certina DS-8 Moon Phase C033.457.36.051.00 không chỉ là một phụ kiện thời trang mà còn là biểu tượng của sự chính xác và sự tinh tế trong thiết kế đồng hồ.', 'Nam', 100, 'C033.457.36.051.00', 'Quartz Chronometer (Máy pin chuẩn COSC)', '41mm', 'Thụy Sỹ', 'Dây da', '100m', 'Thép không gỉ mạ vàng công nghệ PVD', 'Sapphire', 'Đen', 'Hiện đại', 'Mặt tròn', '2024-08-05 12:20:41', '5'),
('51', 'Đồng hồ nữ Titoni Airmaster', 'ĐỒNG HỒ NỮ TITONI AIRMASTER 23909 SY-063', 31621000, 25296800, '51.webp', 'Đồng hồ nữ Titoni Airmaster 23909 SY-063 nổi bật với thiết kế thanh lịch và tinh tế. Vỏ thép không gỉ mạ vàng kết hợp với mặt số màu trắng tạo nên vẻ đẹp sang trọng và hiện đại. Các chỉ số giờ và kim đồng hồ được thiết kế rõ ràng, với chi tiết mạ vàng làm tăng thêm sự quý phái và dễ đọc. Đồng hồ có cửa sổ lịch ngày ở vị trí 3 giờ, cung cấp thêm tính tiện dụng cho người đeo. Dây đeo thép không gỉ mạ vàng hoàn thiện phong cách thanh lịch và đẳng cấp của đồng hồ. Titoni Airmaster 23909 SY-063 không chỉ là một phụ kiện thời trang mà còn là biểu tượng của sự chính xác và sự sang trọng trong thiết kế đồng hồ. Đây là lựa chọn hoàn hảo cho những phụ nữ yêu thích phong cách thanh lịch và tinh tế.', 'Nữ', 100, '23909 SY-063', 'Automatic (Máy cơ tự động)', '27mm', 'Thụy Sỹ', 'Thép không gỉ 316L mạ vàng công nghệ PVD', '50m', 'Thép không gỉ mạ vàng công nghệ PVD', 'Sapphire', 'Trắng', 'Sang trọng', 'Mặt tròn', '2024-08-05 12:23:57', '6'),
('52', 'Đồng hồ nữ Titoni Airmaster', 'ĐỒNG HỒ NỮ TITONI AIRMASTER 23909 SY-064', 31621000, 25296800, '52.webp', 'Đồng hồ nữ Titoni Airmaster 23909 SY-064 nổi bật với thiết kế thanh lịch và tinh tế. Vỏ thép không gỉ mạ vàng kết hợp với mặt số màu trắng ngọc trai tạo nên vẻ đẹp sang trọng và hiện đại. Các chỉ số giờ và kim đồng hồ được thiết kế rõ ràng, với chi tiết mạ vàng làm tăng thêm sự quý phái và dễ đọc. Đồng hồ có cửa sổ lịch ngày ở vị trí 3 giờ, cung cấp thêm tính tiện dụng cho người đeo. Dây đeo thép không gỉ mạ vàng hoàn thiện phong cách thanh lịch và đẳng cấp của đồng hồ. Titoni Airmaster 23909 SY-064 không chỉ là một phụ kiện thời trang mà còn là biểu tượng của sự chính xác và sự sang trọng trong thiết kế đồng hồ. Đây là lựa chọn hoàn hảo cho những phụ nữ yêu thích phong cách thanh lịch và tinh tế.', 'Nữ', 100, '23909 SY-064', 'Automatic (Máy cơ tự động)', '27mm', 'Thụy Sỹ', 'Thép không gỉ 316L mạ vàng công nghệ PVD', '50m', 'Thép không gỉ mạ vàng công nghệ PVD', 'Sapphire', 'Vàng', 'Sang trọng', 'Mặt tròn', '2024-08-05 12:25:38', '6'),
('53', 'Đồng hồ nam Titoni Slenderline', 'TITONI SLENDERLINE TQ52918 S-584', 12100000, 9680000, '53.webp', 'Đồng hồ Titoni Slenderline TQ52918 S-584 nổi bật với thiết kế mỏng nhẹ và thanh lịch. Vỏ thép không gỉ kết hợp với mặt số màu trắng tạo nên vẻ đẹp tinh tế và hiện đại. Các chỉ số giờ được thiết kế rõ ràng với kim đồng hồ mảnh, mang đến sự thanh thoát và dễ đọc. Thiết kế mỏng của đồng hồ mang lại cảm giác nhẹ nhàng và thoải mái khi đeo. Dây đeo bằng thép không gỉ hoàn thiện phong cách sang trọng và tinh tế của đồng hồ. Titoni Slenderline TQ52918 S-584 không chỉ là một phụ kiện thời trang mà còn là biểu tượng của sự chính xác và thanh lịch trong thiết kế đồng hồ. Đây là lựa chọn hoàn hảo cho những người yêu thích phong cách tối giản và thanh lịch.', 'Nam', 100, 'TQ52918 S-584', 'Quartz (Máy pin - điện tử)', '38mm', 'Thụy Sỹ', 'Thép không gỉ 316L', '30m', 'Thép không gỉ 316L', 'Sapphire', 'Trắng', 'Sang trọng', 'Mặt tròn', '2024-08-05 12:28:41', '6'),
('54', 'Đồng hồ nam Titoni Slenderline', 'TITONI SLENDERLINE TQ52918 SRG-583', 16100000, 12880000, '54.webp', 'Đồng hồ Titoni Slenderline TQ52918 SRG-583 nổi bật với thiết kế mỏng nhẹ và sang trọng. Vỏ thép không gỉ mạ vàng hồng kết hợp với mặt số màu trắng tạo nên vẻ đẹp tinh tế và hiện đại. Các chỉ số giờ và kim đồng hồ mạ vàng hồng tạo điểm nhấn thanh lịch, giúp dễ dàng đọc giờ. Thiết kế mỏng của đồng hồ mang lại cảm giác nhẹ nhàng và thoải mái khi đeo. Dây đeo bằng thép không gỉ mạ vàng hồng hoàn thiện phong cách sang trọng và đẳng cấp của đồng hồ. Titoni Slenderline TQ52918 SRG-583 không chỉ là một phụ kiện thời trang mà còn là biểu tượng của sự chính xác và tinh tế trong thiết kế đồng hồ. Đây là lựa chọn hoàn hảo cho những người yêu thích phong cách thanh lịch và tinh tế.', 'Nam', 100, 'TQ52918 SRG-583', 'Quartz (Máy pin - điện tử)', '38mm', 'Thụy Sỹ', 'Thép không gỉ 316L mạ vàng công nghệ PVD', '30m', 'Thép không gỉ mạ vàng công nghệ PVD', 'Sapphire', 'Trắng', 'Sang trọng', 'Mặt tròn', '2024-08-05 12:31:05', '6'),
('55', 'Đồng hồ nữ Titoni Miss Lovely', 'TITONI MISS LOVELY 23978 SRG-STC622', 31000000, 24802000, '55.webp', 'Đồng hồ Titoni Miss Lovely 23978 SRG-STC622 là sự kết hợp hoàn hảo giữa thiết kế nữ tính và sang trọng. Vỏ thép không gỉ mạ vàng hồng kết hợp với mặt số màu trắng ngọc trai tạo nên vẻ đẹp tinh tế và quyến rũ. Các chỉ số giờ và kim đồng hồ mạ vàng hồng tạo điểm nhấn thanh lịch, giúp dễ dàng đọc giờ. Mặt số còn được tô điểm bằng các viên kim cương nhỏ tại các vị trí giờ, tăng thêm phần lộng lẫy và đẳng cấp. Dây đeo bằng da cao cấp màu nâu hoàn thiện phong cách quý phái và thoải mái của đồng hồ. Titoni Miss Lovely 23978 SRG-STC622 không chỉ là một phụ kiện thời trang mà còn là biểu tượng của sự tinh tế và sự quyến rũ trong thiết kế đồng hồ. Đây là lựa chọn hoàn hảo cho những phụ nữ yêu thích phong cách nữ tính và sang trọng.', 'Nữ', 100, '23978 SRG-STC622', 'Automatic (Máy cơ tự động)', '38mm', 'Thụy Sỹ', 'Dây da', '50m', 'Thép không gỉ 316L', 'Sapphire', 'Trắng', 'Sang trọng', 'Mặt tròn', '2024-08-05 12:34:04', '6');
INSERT INTO `san_pham` (`_id`, `ten_san_pham`, `ten`, `gia_san_pham`, `gia_giam`, `hinh_anh`, `mo_ta`, `gioi_tinh`, `so_luong`, `ma_san_pham`, `loai_may`, `duong_kinh`, `xuat_xu`, `chat_lieu_day`, `do_chiu_nuoc`, `chat_lieu_vo`, `mat_kinh`, `mau_mat`, `phong_cach`, `kieu_dang`, `createdAt`, `id_danh_muc`) VALUES
('56', 'Đồng hồ nam Titoni Seascoper', 'ĐỒNG HỒ NAM TITONI SEASCOPER 300 83300 S-BE-705', 50200000, 40160000, '56.webp', 'Đồng hồ nam Titoni Seascoper 300 83300 S-BE-705 là sự kết hợp hoàn hảo giữa thiết kế thể thao và tính năng vượt trội. Vỏ thép không gỉ chắc chắn với mặt số màu xanh biển tạo nên vẻ đẹp mạnh mẽ và hiện đại. Đồng hồ có khả năng chống nước lên đến 300 mét, làm cho nó lý tưởng cho các hoạt động dưới nước và lặn biển.', 'Nam', 100, '83300 S-BE-705', 'Automatic Chronometer (Máy cơ tự động chuẩn COSC)', '42mm', 'Thụy Sỹ', 'Thép không gỉ 316L', '300m', 'Thép không gỉ 316L/ Ceramic', 'Sapphire', 'Xanh lam', 'Thể thao', 'Mặt tròn', '2024-08-05 12:36:57', '6'),
('57', 'Đồng hồ nữ Titoni Airmaster', 'TITONI AIRMASER 23733 SY-556', 31621000, 25968000, '57.webp', 'Đồng hồ Titoni Airmaster 23733 SY-556 là sự kết hợp hoàn hảo giữa thiết kế cổ điển và tính năng hiện đại. Vỏ thép không gỉ mạ vàng kết hợp với mặt số màu trắng tạo nên vẻ đẹp sang trọng và thanh lịch. Các chỉ số giờ và kim đồng hồ mạ vàng tạo điểm nhấn quý phái, giúp dễ dàng đọc giờ. Cửa sổ lịch ngày ở vị trí 3 giờ cung cấp thêm tính tiện dụng cho người đeo. Dây đeo thép không gỉ mạ vàng hoàn thiện phong cách đẳng cấp và tinh tế của đồng hồ. Titoni Airmaster 23733 SY-556 không chỉ là một phụ kiện thời trang mà còn là biểu tượng của sự chính xác và sự sang trọng trong thiết kế đồng hồ. Đây là lựa chọn hoàn hảo cho những người yêu thích phong cách cổ điển và thanh lịch.', 'Nữ', 100, '23733 SY-556', 'Automatic (Máy cơ tự động)', '29mm', 'Thụy Sỹ', 'Thép không gỉ 316L mạ vàng công nghệ PVD', '50m', 'Thép không gỉ mạ vàng công nghệ PVD', 'Sapphire', 'Trắng', 'Sang trọng', 'Mặt tròn', '2024-08-05 12:39:23', '6'),
('58', 'Đồng hồ nam Titoni Space Star', 'TITONI SPACE STAR 83638 SY-ST-606', 35638000, 28510000, '58.webp', 'Đồng hồ Titoni Space Star 83638 SY-ST-606 nổi bật với thiết kế tinh tế và sang trọng. Vỏ thép không gỉ mạ vàng kết hợp với mặt số màu trắng ngọc trai tạo nên vẻ đẹp quý phái và hiện đại. Các chỉ số giờ và kim đồng hồ mạ vàng tạo điểm nhấn thanh lịch, giúp dễ dàng đọc giờ. Cửa sổ lịch ngày ở vị trí 3 giờ mang lại sự tiện dụng cho người đeo. Dây đeo thép không gỉ mạ vàng hoàn thiện phong cách thanh lịch và đẳng cấp của đồng hồ. Mặt kính sapphire chống trầy xước bảo vệ đồng hồ khỏi những va chạm hàng ngày. Titoni Space Star 83638 SY-ST-606 không chỉ là một phụ kiện thời trang mà còn là biểu tượng của sự chính xác và tinh tế trong thiết kế đồng hồ. Đây là lựa chọn hoàn hảo cho những người yêu thích phong cách sang trọng và tinh tế.', 'Nam', 100, '23733 SY-556', 'Automatic (Máy cơ tự động)', '40mm', 'Thụy Sỹ', 'Dây da', '50m', 'Thép không gỉ mạ vàng công nghệ PVD', 'Sapphire', 'Trắng', 'Hiện đại', 'Mặt tròn', '2024-08-05 12:42:15', '6'),
('59', 'Đồng hồ nữ Titoni Cosmo', 'ĐỒNG HỒ NỮ TITONI COSMO QUEEN 729 S-307', 27192000, 21753000, '59.webp', 'Đồng hồ nữ Titoni Cosmo Queen 729 S-307 là sự kết hợp hoàn hảo giữa sự tinh tế và sang trọng. Vỏ thép không gỉ sáng bóng kết hợp với mặt số màu trắng ngọc trai tạo nên vẻ đẹp thanh lịch và quý phái. Các chỉ số giờ và kim đồng hồ được mạ vàng, tạo điểm nhấn lộng lẫy và dễ đọc. Mặt số còn được tô điểm bằng các viên kim cương nhỏ tại các vị trí giờ, tăng thêm phần đẳng cấp và lộng lẫy. Cửa sổ lịch ngày ở vị trí 3 giờ cung cấp thêm tính tiện dụng cho người đeo. Dây đeo bằng thép không gỉ sáng bóng hoàn thiện phong cách thanh lịch và thoải mái của đồng hồ. Mặt kính sapphire chống trầy xước bảo vệ đồng hồ khỏi những va chạm hàng ngày.', 'Nữ', 100, '729 S-307', 'Automatic (Máy cơ tự động)', '27mm', 'Thụy Sỹ', 'Thép không gỉ 316L', '100m', 'Thép không gỉ 316L', 'Sapphire', 'Trắng', 'Hiện đại', 'Mặt tròn', '2024-08-05 12:44:36', '6'),
('6', 'Đồng hồ nam Longines Hydroconquest', 'ĐỒNG HỒ NAM LONGINES HYDROCONQUEST L3.781.3.08.7', 53187000, 47868000, '6.webp', 'Đồng hồ nam Longines HydroConquest L3.781.3.08.7 là một mẫu đồng hồ thể thao cao cấp, nổi bật với thiết kế mạnh mẽ và tính năng bền bỉ. Với vỏ thép không gỉ và mặt số màu xanh đậm, đồng hồ này không chỉ thể hiện phong cách thể thao mà còn đảm bảo độ bền và chức năng vượt trội. Trang bị cơ chế tự động và khả năng chống nước, Longines HydroConquest L3.781.3.08.7 phù hợp với những hoạt động dưới nước và các điều kiện khắc nghiệt. Đồng hồ này không chỉ là một phụ kiện thời trang mà còn là biểu tượng của sự đổi mới và độ tin cậy trong thiết kế đồng hồ thể thao.', 'Nam', 100, 'L3.781.3.08.7', 'Automatic (Máy cơ tự động)', '41mm', 'Thụy Sỹ', 'Thép không gỉ 316L mạ vàng công nghệ PVD', '300m', 'Thép không gỉ 316L/ Ceramic', 'Sapphire', 'Xanh Lá', 'Thể thao sang trọng', 'Mặt tròn', '2024-08-05 10:18:59', '1'),
('60', 'Đồng hồ nữ Titoni Slenderline', 'TITONI SLENDERLINE TQ42918 S-ST-587', 11770000, 9416000, '60.webp', 'Đồng hồ Titoni Slenderline TQ42918 S-ST-587 là một mẫu đồng hồ thanh lịch và tinh tế, hoàn hảo cho những ai yêu thích sự đơn giản nhưng vẫn sang trọng. Vỏ thép không gỉ sáng bóng kết hợp với mặt số màu trắng tạo nên vẻ đẹp tinh tế và hiện đại. Các chỉ số giờ và kim đồng hồ mảnh, mạ bạc hoặc vàng, góp phần tạo nên sự thanh thoát và dễ đọc. Dây đeo bằng thép không gỉ hoặc da, tùy theo phiên bản, mang lại sự thoải mái và phong cách quý phái. Mặt kính sapphire chống trầy xước bảo vệ đồng hồ khỏi những va chạm hàng ngày và giữ cho mặt số luôn sáng đẹp.', 'Nữ', 100, '729 S-307', 'Quartz (Máy pin - điện tử)', '27mm', 'Thụy Điển', 'Dây da', '30m', 'Thép không gỉ 316L', 'Sapphire', 'Khảm trai', 'Sang trọng', 'Mặt tròn', '2024-08-05 12:47:07', '6'),
('61', 'Đồng hồ nữ Frederique Constant', 'ĐỒNG HỒ NỮ FREDERIQUE CONSTANT SLIMLINE MOONPHASE FC-206MPND1S6', 28860000, 24378000, '61.webp', 'Đồng hồ nữ Frederique Constant Slimline Moonphase FC-206MPND1S6 là một mẫu đồng hồ tinh tế và thanh lịch, nổi bật với thiết kế cổ điển và chức năng moonphase đặc biệt. Vỏ thép không gỉ mạ vàng hồng kết hợp với mặt số màu trắng ngọc trai tạo nên vẻ đẹp sang trọng và quý phái. Các chỉ số giờ và kim đồng hồ mạ vàng hồng được thiết kế thanh mảnh, dễ đọc, và cửa sổ moonphase ở vị trí 6 giờ thêm phần lôi cuốn, cho phép theo dõi các giai đoạn của mặt trăng. Đồng hồ còn trang bị cửa sổ lịch ngày ở vị trí 3 giờ, mang lại tính tiện dụng cho người đeo.', 'Nữ', 100, 'FC-206MPND1S6', 'Quartz (Máy pin - điện tử)', '30mm', 'Thụy Sỹ', 'Dây da', '30m', 'Thép không gỉ 316L', 'Sapphire', 'Khảm trai', 'Sang trọng', 'Mặt tròn', '2024-08-05 12:51:13', '7'),
('62', 'Đồng hồ nam Frederique Constant', 'ĐỒNG HỒ NAM FREDERIQUE CONSTANT TRIPLE CALENDAR FC-296SW5B6B', 33710000, 28653000, '62.webp', 'Đồng hồ nam Frederique Constant Triple Calendar FC-296SW5B6B có thiết kế thanh lịch với mặt số trắng và vỏ thép không gỉ. Tích hợp lịch ngày, tuần, và tháng, cùng kim mạ bạc. Dây da nâu và mặt kính sapphire chống trầy xước hoàn thiện phong cách quý phái. Lựa chọn hoàn hảo cho sự tinh tế và chính xác.', 'Nam', 100, 'FC-296SW5B6B', 'Quartz Chronograph (Máy pin bấm giờ thể thao)', '40mm', 'Thụy Sỹ', 'Thép không gỉ 316L', '50m', 'Thép không gỉ 316L', 'Sapphire', 'Trắng', 'Sang trọng', 'Mặt tròn', '2024-08-05 12:53:51', '7'),
('63', 'Đồng hồ nữ Frederique Constant', 'ĐỒNG HỒ FREDERIQUE CONSTANT CLASSICS ART DÉCO FC-200MPW2AR2B', 31230000, 26545000, '63.webp', 'Đồng hồ Frederique Constant Classics Art Déco FC-200MPW2AR2B có thiết kế cổ điển với mặt số màu trắng và vỏ thép không gỉ mạ vàng. Tính năng moonphase và lịch ngày tạo sự tinh tế, trong khi dây da màu nâu hoàn thiện phong cách sang trọng. Mặt kính sapphire chống trầy xước bảo vệ mặt số.', 'Nam', 100, 'FC-200MPW2AR2B', 'Quartz (Máy pin - điện tử)', '30mm', 'Thụy Sỹ', 'Thép không gỉ 316L mạ vàng công nghệ PVD', '30m', 'Thép không gỉ mạ vàng công nghệ PVD', 'Sapphire', 'Trắng', 'Sang trọng', 'Mặt tròn', '2024-08-05 12:56:22', '7'),
('64', 'Đồng hồ nữ Frederique Constant', 'FREDERIQUE CONSTANT CLASSICS CARRÉE LADIES FC-200MC16', 20100000, 17085000, '64.webp', 'Đồng hồ Frederique Constant Classics Carrée Ladies FC-200MC16 có thiết kế hình vuông thanh lịch với mặt số màu trắng và vỏ thép không gỉ mạ vàng. Kim và chỉ số mạ vàng tạo điểm nhấn quý phái. Dây da màu nâu và mặt kính sapphire chống trầy xước hoàn thiện phong cách sang trọng.', 'Nữ', 100, 'FC-200MC16', 'Quartz (Máy pin - điện tử)', '23mm - 21mm', 'Thụy Sỹ', 'Dây da', '30m', 'Thép không gỉ 316L', 'Sapphire', 'Trắng', 'Sang trọng', 'Mặt chữ nhật', '2024-08-05 12:58:39', '7'),
('65', 'Đồng hồ nam Frederique Constant', 'FREDERIQUE CONSTANT CLASSICS CARRÉE FC-310MC4S36', 38490000, 32716000, '65.webp', 'Đồng hồ Frederique Constant Classics Carrée FC-310MC4S36 có thiết kế hình vuông tinh tế với mặt số màu trắng và vỏ thép không gỉ mạ vàng hồng. Các chỉ số và kim mạ vàng hồng tạo điểm nhấn sang trọng. Dây da màu nâu và mặt kính sapphire chống trầy xước hoàn thiện phong cách thanh lịch và hiện đại.', 'Nam', 100, 'FC-310MC4S36', 'Automatic (Máy cơ tự động)', '33.3mm - 30.4mm', 'Thụy Sỹ', 'Dây da', '30m', 'Thép không gỉ 316L', 'Sapphire', 'Trắng', 'Sang trọng', 'Mặt chữ nhật', '2024-08-05 13:00:52', '7'),
('66', 'Đồng hồ nam Frederique Constant', 'FREDERIQUE CONSTANT SLIMLINE FC-245V5S4', 25920000, 22032000, '66.webp', 'Đồng hồ Frederique Constant Slimline FC-245V5S4 có thiết kế thanh mảnh với mặt số màu trắng và vỏ thép không gỉ. Kim và chỉ số giờ mạ bạc tạo điểm nhấn tinh tế. Dây da màu nâu và mặt kính sapphire chống trầy xước hoàn thiện phong cách thanh lịch và hiện đại.', 'Nam', 100, 'FC-245V5S4', 'Quartz (Máy pin - điện tử)', '39mm', 'Thụy Sỹ', 'Dây cao su', '30m', 'Thép không gỉ mạ vàng công nghệ PVD', 'Sapphire', 'Trắng', 'Sang trọng', 'Mặt tròn', '2024-08-05 13:03:44', '7'),
('67', 'Đồng hồ nam Frederique Constant', 'ĐỒNG HỒ FREDERIQUE CONSTANT FC-292MC4P6B2', 30070000, 25559000, '67.webp', 'Đồng hồ Frederique Constant FC-292MC4P6B2 có thiết kế tinh tế với mặt số màu trắng và vỏ thép không gỉ. Chức năng lịch ngày và các chỉ số mạ bạc tạo điểm nhấn thanh lịch. Dây da màu nâu và mặt kính sapphire chống trầy xước hoàn thiện phong cách quý phái.', 'Nam', 100, 'FC-292MC4P6B2', 'Quartz Chronograph (Máy pin bấm giờ thể thao)', '40mm', 'Thụy Sỹ', 'Thép không gỉ 316L', '60m', 'Thép không gỉ 316L', 'Sapphire', 'Trắng', 'Thể thao sang trọng', 'Mặt tròn', '2024-08-05 13:05:57', '7'),
('68', 'Đồng hồ nữ Frederique Constant', 'ĐỒNG HỒ FREDERIQUE CONSTANT SLIMLINE MOONPHASE FC-206MPWD1SD6B', 84021000, 71417000, '68.webp', 'Đồng hồ Frederique Constant Slimline Moonphase FC-206MPWD1SD6B có thiết kế thanh lịch với mặt số trắng và vỏ thép không gỉ. Chức năng moonphase và cửa sổ lịch ngày tạo điểm nhấn tinh tế. Dây da màu nâu và mặt kính sapphire chống trầy xước hoàn thiện phong cách sang trọng.', 'Nam', 100, 'FC-206MPWD1SD6B', 'Quartz (Máy pin - điện tử)', '30mm', 'Thụy Sỹ', 'Thép không gỉ 316L', '30m', 'Thép không gỉ 316L', 'Sapphire', 'Trắng', 'Sang trọng', 'Mặt tròn', '2024-08-05 13:08:39', '7'),
('69', 'Đồng hồ nam Frederique Constant', 'ĐỒNG HỒ FREDERIQUE CONSTANT SLIMLINE FC-220V5S5B', 26190000, 22261000, '69.webp', 'Đồng hồ Frederique Constant Slimline FC-220V5S5B có thiết kế thanh mảnh với mặt số màu trắng và vỏ thép không gỉ. Kim và chỉ số mạ bạc tạo điểm nhấn tinh tế. Dây da màu nâu và mặt kính sapphire chống trầy xước hoàn thiện phong cách thanh lịch và hiện đại', 'Nam', 100, 'FC-220V5S5B', 'Quartz (Máy pin - điện tử)', '30mm', 'Thụy Sỹ', 'Thép không gỉ 316L mạ vàng công nghệ PVD', '30m', 'Thép không gỉ mạ vàng công nghệ PVD', 'Sapphire', 'Trắng', 'Sang trọng', 'Mặt tròn', '2024-08-05 13:10:47', '7'),
('7', 'Đồng hồ nam Longines Hydroconquest', 'ĐỒNG HỒ NAM LONGINES HYDROCONQUEST L3.781.4.05.2 (L37814052)', 47438000, 42694000, '7.webp', 'Đồng hồ nam Longines HydroConquest L3.781.4.05.2 (L37814052) là một mẫu đồng hồ thể thao mạnh mẽ và thanh lịch, nổi bật với thiết kế hiện đại và tính năng bền bỉ. Với vỏ thép không gỉ và mặt số màu đen, đồng hồ này kết hợp giữa phong cách thể thao và sự tinh tế. Được trang bị cơ chế tự động và khả năng chống nước, nó thích hợp cho các hoạt động dưới nước và các điều kiện khắc nghiệt. Đồng hồ Longines HydroConquest L3.781.4.05.2 không chỉ là một phụ kiện thời trang mà còn là biểu tượng của sự chính xác và độ bền trong thiết kế đồng hồ thể thao.', 'Nam', 100, 'L3.781.4.05.2', 'Automatic (Máy cơ tự động)', '41mm', 'Thụy Sỹ', 'Dây dù', '300m', 'Thép không gỉ 316L/ Ceramic', 'Sapphire', 'Xanh Lá', 'Thể thao sang trọng', 'Mặt tròn', '2024-08-05 10:21:57', '1'),
('70', 'Đồng hồ nam Frederique Constant', 'ĐỒNG HỒ NAM FREDERIQUE CONSTANT CLASSICS CARREE FC-303S4C6', 30070000, 25599000, '70.webp', 'Đồng hồ nam Frederique Constant Classics Carrée FC-303S4C6 có thiết kế hình vuông với mặt số màu trắng và vỏ thép không gỉ. Các chỉ số và kim đồng hồ mạ bạc tạo điểm nhấn thanh lịch. Dây da màu nâu và mặt kính sapphire chống trầy xước hoàn thiện phong cách sang trọng và hiện đại.', 'Nam', 100, 'FC-303S4C6', 'Automatic (Máy cơ tự động)', '30mm - 33mm', 'Thụy Sỹ', 'Dây da', '30m', 'Thép không gỉ 316L', 'Sapphire', 'Trắng', 'Sang trọng', 'Mặt chữ nhật', '2024-08-05 13:13:29', '7'),
('71', 'Đồng hồ nam Edox Les Bémonts', 'ĐỒNG HỒ NAM EDOX LES BÉMONTS 64012.37R.BUIR', 14520000, 11616000, '71.webp', 'Đồng hồ nam Edox Les Bémonts 64012.37R.BUIR có thiết kế sang trọng với mặt số màu bạc và vỏ thép không gỉ. Các chỉ số và kim đồng hồ mạ vàng hồng tạo điểm nhấn thanh lịch. Dây da màu nâu và mặt kính sapphire chống trầy xước hoàn thiện phong cách đẳng cấp và tinh tế.', 'Nam', 100, '64012.37R.BUIR', 'Quartz (Máy pin - điện tử)', '40mm', 'Thụy Sỹ', 'Dây da', '30m', 'Thép không gỉ mạ vàng công nghệ PVD', 'Sapphire', 'Xanh lam', 'Hiện đại', 'Mặt tròn', '2024-08-05 13:16:49', '8'),
('72', 'Đồng hồ nam Edox Les Bémonts', 'ĐỒNG HỒ NAM EDOX LES BÉMONTS 01651.37R.AR', 19360000, 15488000, '72.webp', 'Đồng hồ nam Edox Les Bémonts 01651.37R.AR có thiết kế thanh lịch với mặt số màu trắng và vỏ thép không gỉ. Các chỉ số và kim đồng hồ mạ bạc tạo điểm nhấn tinh tế. Dây da màu nâu và mặt kính sapphire chống trầy xước hoàn thiện phong cách sang trọng và hiện đại.', 'Nam', 100, '01651.37R.AR', 'Quartz Chronograph (Máy pin bấm giờ thể thao)', '42mm', 'Thụy Sỹ', 'Dây da', '100m', 'Thép không gỉ mạ vàng công nghệ PVD', 'Sapphire', 'Trắng', 'Hiện đại', 'Mặt tròn', '2024-08-05 13:18:58', '8'),
('73', 'Đồng hồ nam Edox SkyDiver', 'ĐỒNG HỒ NAM EDOX SKY DIVER NEPTUNIAN 80120.3NM.NIN', 27500000, 22000000, '73.webp', 'Đồng hồ nam Edox Sky Diver Neptunian 80120.3NM.NIN có thiết kế thể thao với mặt số màu xanh và vỏ thép không gỉ. Các chỉ số và kim đồng hồ phát quang tạo sự dễ đọc trong điều kiện ánh sáng yếu. Dây đeo cao su màu đen và mặt kính sapphire chống trầy xước đảm bảo độ bền và phong cách mạnh mẽ, phù hợp cho các hoạt động dưới nước.', 'Nam', 100, '80120.3NM.NIN', 'Automatic (Máy cơ tự động)', '44mm', 'Thụy Sỹ', 'Thép không gỉ 316L', '1000m', 'Thép không gỉ 316L/ Ceramic', 'Sapphire', 'Trắng', 'Thể thao', 'Mặt tròn', '2024-08-05 13:21:29', '8'),
('74', 'Đồng hồ nam Edox SkyDiver', 'ĐỒNG HỒ NAM EDOX SKY DIVER NEPTUNIAN 80120.3NM.BUIDN', 27500000, 22000000, '74.webp', 'ĐỒNG HỒ NAM EDOX SKY DIVER NEPTUNIAN 80120.3NM.BUIDN có thiết kế thể thao với mặt số màu xanh và vỏ thép không gỉ. Các chỉ số và kim đồng hồ phát quang tạo sự dễ đọc trong điều kiện ánh sáng yếu. Dây đeo cao su màu đen và mặt kính sapphire chống trầy xước đảm bảo độ bền và phong cách mạnh mẽ, phù hợp cho các hoạt động dưới nước.', 'Nam', 100, '80120.3NM.BUIDN', 'Automatic (Máy cơ tự động)', '44mm', 'Thụy Sỹ', 'Thép không gỉ 316L', '1000m', 'Thép không gỉ 316L/ Ceramic', 'Sapphire', 'Xanh lam', 'Thể thao', 'Mặt tròn', '2024-08-05 13:23:10', '8'),
('75', 'Đồng hồ nam Edox SkyDiver', 'ĐỒNG HỒ NAM EDOX SKY DIVER 70\'S 80115.3N1M.BUIN', 26180000, 20944000, '75.webp', 'ĐỒNG HỒ NAM EDOX SKY DIVER 70\'S 80115.3N1M.BUIN có thiết kế thể thao với mặt số màu xanh và vỏ thép không gỉ. Các chỉ số và kim đồng hồ phát quang tạo sự dễ đọc trong điều kiện ánh sáng yếu. Dây đeo cao su màu đen và mặt kính sapphire chống trầy xước đảm bảo độ bền và phong cách mạnh mẽ, phù hợp cho các hoạt động dưới nước.', 'Nam', 100, '80120.3NM.BUIDN', 'Quartz (Máy pin - điện tử)', '44mm', 'Thụy Sỹ', 'Thép không gỉ 316L', '1000m', 'Thép không gỉ 316L', 'Sapphire', 'Xanh lam', 'Thể thao', 'Mặt tròn', '2024-08-05 13:31:05', '8'),
('76', 'Đồng hồ nam Edox Les Bémonts', 'ĐỒNG HỒ NAM EDOX LES BÉMONTS 64012.3M.NIN', 18260000, 14608000, '76.webp', 'Đồng hồ nam Edox Les Bémonts 64012.3M.NIN có thiết kế thanh lịch với mặt số màu xanh đậm và vỏ thép không gỉ. Các chỉ số và kim đồng hồ mạ bạc tạo điểm nhấn tinh tế. Dây đeo bằng da màu đen và mặt kính sapphire chống trầy xước hoàn thiện phong cách đẳng cấp và hiện đại.', 'Nam', 100, '80120.3NM.BUIDN', 'Quartz (Máy pin - điện tử)', '40mm', 'Thụy Sỹ', 'Thép không gỉ 316L', '30m', 'Thép không gỉ 316L', 'Sapphire', 'Đen', 'Thể thao', 'Mặt tròn', '2024-08-05 13:31:39', '8'),
('77', 'Đồng hồ nam Edox Les Bémonts', 'ĐỒNG HỒ NAM EDOX LES BÉMONTS 56001.37R.BUIR', 13200000, 10560000, '77.webp', 'Đồng hồ nam Edox Les Bémonts 56001.37R.BUIR có thiết kế thanh lịch với mặt số màu bạc và vỏ thép không gỉ. Các chỉ số và kim đồng hồ mạ vàng hồng tạo điểm nhấn sang trọng. Dây da màu nâu và mặt kính sapphire chống trầy xước hoàn thiện phong cách đẳng cấp và tinh tế.', 'Nam', 100, '56001.37R.BUIR', 'Quartz (Máy pin - điện tử)', '40mm', 'Thụy Sỹ', 'Dây da', '30m', 'Thép không gỉ mạ vàng công nghệ PVD', 'Sapphire', 'Đen', 'Hiện đại', 'Mặt tròn', '2024-08-05 13:34:45', '8'),
('78', 'Đồng hồ nam Edox Delfin', 'ĐỒNG HỒ NAM EDOX DELFIN 54004.3M.NANN', 18260000, 14608000, '78.webp', 'Đồng hồ nam Edox Delfin 54004.3M.NANN có thiết kế thể thao với mặt số màu xanh đậm và vỏ thép không gỉ. Kim và chỉ số phát quang giúp đọc giờ dễ dàng trong điều kiện ánh sáng yếu. Dây đeo cao su màu đen và mặt kính sapphire chống trầy xước hoàn thiện phong cách bền bỉ và hiện đại.', 'Nam', 100, '54004.3M.NANN', 'Quartz (Máy pin - điện tử)', '43mm', 'Thụy Sỹ', 'Thép không gỉ 316L', '200m', 'Thép không gỉ 316L', 'Sapphire', 'Đen', 'Thể thao', 'Mặt tròn', '2024-08-05 13:38:12', '8'),
('79', 'Đồng hồ nam EDOX', 'ĐỒNG HỒ NAM EDOX GRAND OCEAN 10248.357BU.BUIN', 26180000, 20944000, '79.webp', 'Đồng hồ nam Edox Grand Ocean 10248.357BU.BUIN có thiết kế thể thao với mặt số màu xanh đậm và vỏ thép không gỉ. Các chỉ số và kim đồng hồ phát quang đảm bảo dễ đọc trong điều kiện ánh sáng yếu. Dây đeo cao su màu đen và mặt kính sapphire chống trầy xước mang đến sự kết hợp hoàn hảo giữa chức năng và phong cách hiện đại.', 'Nam', 100, '10248.357BU.BUIN', 'Quartz Chronograph (Máy pin bấm giờ thể thao)', '43mm', 'Thụy Sỹ', 'Dây dù', '300m', 'Thép không gỉ 316L', 'Sapphire', 'Xanh lam', 'Thể thao', 'Mặt tròn', '2024-08-05 13:40:22', '8'),
('8', 'Đồng hồ nữ La Grande Classique', 'ĐỒNG HỒ NỮ LONGINES LA GRANDE CLASSIQUE L4.341.0.80.6', 103500000, 93150000, '8.webp', 'Đồng hồ nữ Longines La Grande Classique L4.341.0.80.6 là một mẫu đồng hồ thanh lịch và tinh tế, nổi bật với thiết kế cổ điển và sự chú trọng đến từng chi tiết. Với vỏ thép không gỉ mỏng và mặt số màu bạc sáng, đồng hồ này sử dụng các chỉ số giờ và phút tinh xảo để tạo nên vẻ đẹp thanh thoát và sang trọng. Các chữ số La Mã trên mặt số và dây đeo bằng da thêm phần hoàn thiện cho phong cách cổ điển của đồng hồ. Longines La Grande Classique L4.341.0.80.6 không chỉ là một phụ kiện thời trang mà còn là biểu tượng của sự thanh lịch và sự tinh tế trong thiết kế đồng hồ nữ.', 'Nữ', 100, 'L3.781.4.05.2', 'Quartz (Máy pin - điện tử)', '24mm', 'Thụy Sỹ', 'Thép không gỉ 316L', '30m', 'Thép không gỉ 316L', 'Sapphire', 'Khảm trai', 'Sang trọng', 'Mặt tròn', '2024-08-05 10:28:43', '1'),
('80', 'Đồng hồ nam Edox Delfin', 'ĐỒNG HỒ NAM EDOX DELFIN 88005.357BUNCA.NIBU', 26400000, 21120000, '80.webp', 'Đồng hồ nam Edox Delfin 88005.357BUNCA.NIBU có thiết kế thể thao với mặt số màu xanh đậm và vỏ thép không gỉ. Kim và chỉ số phát quang giúp dễ đọc trong điều kiện ánh sáng yếu. Dây đeo cao su màu xanh và mặt kính sapphire chống trầy xước mang đến phong cách bền bỉ và hiện đại.', 'Nam', 100, '88005.357BUNCA.NIBU', 'Automatic (Máy cơ tự động)', '43mm', 'Thụy Sỹ', 'Thép không gỉ mạ công nghệ PVD', '200m', 'Thép không gỉ mạ công nghệ PVD', 'Sapphire', 'Đen', 'Thể thao', 'Mặt tròn', '2024-08-05 13:42:37', '8'),
('81', 'Đồng hồ unisex Claude Bernard', 'ĐỒNG HỒ CLAUDE BERNARD CLASSIC 20214.3.AR', 4180000, 3344000, '81.webp', 'Đồng hồ Claude Bernard Classic 20214.3.AR có thiết kế thanh lịch với mặt số màu trắng và vỏ thép không gỉ. Kim và chỉ số mạ bạc tạo điểm nhấn tinh tế. Dây đeo bằng da màu nâu và mặt kính sapphire chống trầy xước hoàn thiện phong cách sang trọng và cổ điển.', 'Unisex', 100, '20214.3.AR', 'Quartz (Máy pin - điện tử)', '39mm', 'Thụy Sỹ', 'Dây da', '30m', 'Thép không gỉ 316L', 'Sapphire', 'Đen', 'Hiện đại', 'Mặt tròn', '2024-08-05 13:46:08', '9'),
('82', 'Đồng hồ unisex Claude Bernard', 'ĐỒNG HỒ CLAUDE BERNARD CLASSIC 20214.3.GIN', 4180000, 3344000, '82.webp', 'Đồng hồ Claude Bernard Classic 20214.3.GIN có thiết kế thanh lịch với mặt số màu bạc và vỏ thép không gỉ. Kim và chỉ số mạ vàng hồng tạo điểm nhấn tinh tế. Dây đeo bằng da màu nâu và mặt kính sapphire chống trầy xước hoàn thiện phong cách sang trọng và cổ điển.', 'Unisex', 100, '20214.3.GIN', 'Quartz (Máy pin - điện tử)', '39mm', 'Thụy Sỹ', 'Dây da', '30m', 'Thép không gỉ 316L', 'Sapphire', 'Đen', 'Hiện đại', 'Mặt tròn', '2024-08-05 13:49:29', '9'),
('83', 'Đồng hồ unisex Claude Bernard', 'ĐỒNG HỒ CLAUDE BERNARD CLASSIC 20214.37J.AR', 5060000, 4048000, '83.webp', 'Đồng hồ Claude Bernard Classic 20214.37J.AR có thiết kế thanh lịch với mặt số màu trắng và vỏ thép không gỉ. Các chỉ số và kim mạ vàng tạo điểm nhấn sang trọng. Dây đeo da màu nâu và mặt kính sapphire chống trầy xước hoàn thiện phong cách cổ điển và tinh tế', 'Unisex', 100, '20214.37J.AR', 'Quartz (Máy pin - điện tử)', '39mm', 'Thụy Sỹ', 'Dây da', '30m', 'Thép không gỉ mạ vàng công nghệ PVD', 'Sapphire', 'Xám', 'Hiện đại', 'Mặt tròn', '2024-08-05 13:51:41', '9'),
('84', 'Đồng hồ unisex Claude Bernard', 'ĐỒNG HỒ CLAUDE BERNARD CLASSIC 20214.3M.NIN', 4840000, 3872000, '84.webp', 'Đồng hồ Claude Bernard Classic 20214.3M.NIN có thiết kế thanh lịch với mặt số màu đen và vỏ thép không gỉ. Các chỉ số và kim đồng hồ mạ bạc tạo điểm nhấn tinh tế. Dây đeo bằng da màu đen và mặt kính sapphire chống trầy xước hoàn thiện phong cách sang trọng và hiện đại.', 'Unisex', 100, '20214.3M.NIN', 'Quartz (Máy pin - điện tử)', '39mm', 'Thụy Sỹ', 'Thép không gỉ 316L dạng lưới', '30m', 'Thép không gỉ 316L', 'Sapphire', 'Đen', 'Hiện đại', 'Mặt tròn', '2024-08-05 13:54:00', '9'),
('85', 'Đồng hồ unisex Claude Bernard', 'ĐỒNG HỒ CLAUDE BERNARD CLASSIC 20214.3M.AIR', 4840000, 3872000, '84.webp', 'Đồng hồ Claude Bernard Classic 20214.3M.AIR có thiết kế thanh lịch với mặt số màu xanh đậm và vỏ thép không gỉ. Các chỉ số và kim đồng hồ mạ bạc tạo điểm nhấn tinh tế. Dây đeo bằng da màu nâu và mặt kính sapphire chống trầy xước hoàn thiện phong cách sang trọng và hiện đại', 'Unisex', 100, '20214.3M.AIR', 'Quartz (Máy pin - điện tử)', '39mm', 'Thụy Sỹ', 'Thép không gỉ 316L dạng lưới', '30m', 'Thép không gỉ 316L', 'Sapphire', 'Trắng', 'Hiện đại', 'Mặt tròn', '2024-08-05 13:55:34', '9'),
('86', 'ĐỒNG HỒ CLAUDE BERNARD', 'ĐỒNG HỒ NAM CLAUDE BERNARD CLASSIC CHRONOGRAPH 10247.3C.VIN', 9680000, 7744000, '86.webp', 'Đồng hồ nam Claude Bernard Classic Chronograph 10247.3C.VIN có thiết kế thể thao với mặt số màu xanh và vỏ thép không gỉ. Các chức năng chronograph và kim phát quang tạo điểm nhấn chức năng và tinh tế. Dây đeo bằng da màu nâu và mặt kính sapphire chống trầy xước hoàn thiện phong cách thể thao và hiện đại.', 'Nam', 100, '10247.3C.VIN', 'Quartz Chronograph (Máy pin bấm giờ thể thao)', '44mm', 'Thụy Sỹ', 'Dây da', '50m', 'Thép không gỉ 316L', 'Sapphire', 'Xanh Lá', 'Thể thao', 'Mặt tròn', '2024-08-05 14:01:38', '9'),
('87', 'Đồng hồ nữ Claude Bernard', 'ĐỒNG HỒ CLAUDE BERNARD 20501.3.APN1', 5720000, 4576000, '87.webp', 'Đồng hồ Claude Bernard 20501.3.APN1 có thiết kế thanh lịch với mặt số màu xanh đậm và vỏ thép không gỉ. Kim và chỉ số mạ bạc tạo điểm nhấn tinh tế. Dây đeo bằng da màu nâu và mặt kính sapphire chống trầy xước hoàn thiện phong cách sang trọng và hiện đại.', 'Nữ', 100, '20501.3.APN1', 'Quartz (Máy pin - điện tử)', '28mm', 'Thụy Sỹ', 'Dây da', '30m', 'Thép không gỉ 316L', 'Sapphire', 'Trắng', 'Thời trang', 'Mặt tròn', '2024-08-05 14:04:19', '9'),
('88', 'Đồng hồ nữ Claude Bernard', 'ĐỒNG HỒ CLAUDE BERNARD 20501.3.APN1', 5940000, 4752000, '88.webp', 'Đồng hồ Claude Bernard 54005.357JM.BR có thiết kế thể thao với mặt số màu nâu và vỏ thép không gỉ. Kim và chỉ số mạ vàng tạo điểm nhấn sang trọng. Dây đeo bằng da màu nâu và mặt kính sapphire chống trầy xước hoàn thiện phong cách bền bỉ và hiện đại.', 'Nữ', 100, '54005.357JM.BR', 'Quartz (Máy pin - điện tử)', '28mm', 'Thụy Sỹ', 'Thép không gỉ 316L mạ vàng công nghệ PVD', '30m', 'Thép không gỉ 316L', 'Sapphire', 'Trắng', 'Thời trang', 'Mặt tròn', '2024-08-05 14:06:46', '9'),
('89', 'Đồng hồ nữ Claude Bernard', 'ĐỒNG HỒ CLAUDE BERNARD 25003.37RM.BR', 11220000, 8975000, '89.webp', 'Đồng hồ Claude Bernard 25003.37RM.BR có thiết kế thanh lịch với mặt số màu đen và vỏ thép không gỉ. Các chỉ số và kim mạ vàng hồng tạo điểm nhấn sang trọng. Dây đeo bằng da màu nâu và mặt kính sapphire chống trầy xước hoàn thiện phong cách cổ điển và tinh tế.', 'Nữ', 100, '25003.37RM.BR', 'Quartz (Máy pin - điện tử)', '22mm x 24mm', 'Thụy Sỹ', 'Thép không gỉ 316L mạ vàng công nghệ PVD', '30m', 'Thép không gỉ mạ vàng công nghệ PVD', 'Sapphire', 'Trắng', 'Sang trọng', 'Mặt vuông', '2024-08-05 14:08:50', '9'),
('9', 'Đồng hồ nữ La Grande Classique', 'ĐỒNG HỒ NỮ LONGINES LA GRANDE CLASSIQUE L4.341.0.94.2', 86250000, 77625000, '9.webp', 'Đồng hồ nữ Longines La Grande Classique L4.341.0.94.2 là một mẫu đồng hồ thanh lịch, nổi bật với thiết kế cổ điển và sự tinh xảo trong chế tác. Với vỏ thép không gỉ và mặt số màu bạc sáng, đồng hồ này thể hiện sự thanh thoát và sang trọng. Các chỉ số giờ được thiết kế tinh tế, kết hợp với dây đeo bằng da cao cấp, tạo nên vẻ đẹp hoàn hảo và sự thoải mái khi đeo. Longines La Grande Classique L4.341.0.94.2 không chỉ là một phụ kiện thời trang mà còn là biểu tượng của sự đẳng cấp và sự tinh tế trong thiết kế đồng hồ nữ.', 'Nữ', 100, 'L4.341.0.94.2', 'Quartz (Máy pin - điện tử)', '24mm', 'Thụy Sỹ', 'Dây da', '30m', 'Thép không gỉ 316L', 'Sapphire', 'Xanh lam', 'Sang trọng', 'Mặt tròn', '2024-08-05 10:28:55', '1'),
('90', 'Đồng hồ nữ Claude Bernard Dress', 'ĐỒNG HỒ CLAUDE BERNARD 10216.3.APN2', 8800000, 7040000, '90.webp', 'Đồng hồ Claude Bernard 10216.3.APN2 có thiết kế thanh lịch với mặt số màu xanh đậm và vỏ thép không gỉ. Kim và chỉ số mạ bạc tạo điểm nhấn tinh tế. Dây đeo bằng da màu nâu và mặt kính sapphire chống trầy xước hoàn thiện phong cách sang trọng và hiện đại.', 'Nữ', 100, '10216.3.APN2', 'Quartz Chronograph (Máy pin bấm giờ thể thao)', '22mm x 24mm', 'Thụy Sỹ', 'Thép không gỉ 316L', '30m', 'Thép không gỉ 316L', 'Sapphire', 'Trắng', 'Thể thao sang trọng', 'Mặt tròn', '2024-08-05 14:11:19', '9'),
('91', 'Đồng hồ nam Seiko 5 Quân Đội', 'ĐỒNG HỒ SEIKO 5 QUÂN ĐỘI SNK805K2S', 4130000, 4000000, '91.webp', 'Đồng hồ Seiko 5 Quân Đội SNK805K2S có thiết kế thể thao với mặt số màu xanh quân đội và vỏ thép không gỉ. Kim và chỉ số phát quang giúp dễ đọc trong điều kiện ánh sáng yếu. Dây đeo bằng vải màu xanh và mặt kính Hardlex chống trầy xước mang đến phong cách bền bỉ và năng động.', 'Nam', 100, 'SNK805K2S', 'Automatic (Máy cơ tự động)', '37mm', 'Nhật Bản', 'Dây dù', '30m', 'Thép không gỉ 316L', 'Mặt kính cứng', 'Xanh Lá', 'Quân đội', 'Mặt tròn', '2024-08-05 14:15:56', '10'),
('92', 'Đồng hồ nam Seiko 5 Quân Đội', 'SEIKO 5 SPORTS FIELD QUÂN ĐỘI SRPG31K1', 8760000, 7884000, '92.webp', 'Đồng hồ Seiko 5 Sports Field Quân Đội SRPG31K1 có thiết kế thể thao với mặt số màu xanh quân đội và vỏ thép không gỉ. Các chỉ số và kim phát quang giúp dễ đọc trong điều kiện ánh sáng yếu. Dây đeo bằng da màu nâu và mặt kính Hardlex chống trầy xước hoàn thiện phong cách bền bỉ và mạnh mẽ.', 'Nam', 100, 'SRPG31K1', 'Automatic (Máy cơ tự động)', '39.4mm', 'Nhật Bản', 'Dây dù', '100m', 'Thép không gỉ 316L', 'Hardlex Crystal', 'Xám', 'Quân đội', 'Mặt tròn', '2024-08-05 14:17:35', '10'),
('93', 'Đồng hồ nam Seiko Quartz', 'ĐỒNG HỒ NAM SEIKO SUR447P1', 5700000, 5130000, '93.webp', 'Đồng hồ nam Seiko SUR447P1 có thiết kế thanh lịch với mặt số màu trắng và vỏ thép không gỉ. Kim và chỉ số mạ bạc tạo điểm nhấn tinh tế. Dây đeo bằng da màu nâu và mặt kính Hardlex chống trầy xước hoàn thiện phong cách sang trọng và cổ điển.', 'Nam', 100, 'SUR447P1', 'Quartz (Máy pin - điện tử)', '40.2mm', 'Nhật Bản', 'Dây da', '100m', 'Thép không gỉ 316L', 'Sapphire', 'Trắng', 'Quân đội', 'Hiện đại', '2024-08-05 14:19:52', '10'),
('94', 'Đồng hồ nam Seiko Quartz', 'ĐỒNG HỒ NAM SEIKO SUR472P1', 5980000, 5382000, '94.webp', 'Đồng hồ nam Seiko SUR472P1 có thiết kế thanh lịch với mặt số màu bạc và vỏ thép không gỉ. Kim và chỉ số mạ vàng tạo điểm nhấn sang trọng. Dây đeo bằng da màu đen và mặt kính Hardlex chống trầy xước hoàn thiện phong cách cổ điển và tinh tế.', 'Nam', 100, 'SUR472P1', 'Quartz (Máy pin - điện tử)', '39.4mm', 'Nhật Bản', 'Dây da', '100m', 'Thép không gỉ mạ vàng công nghệ PVD', 'Sapphire', 'Vàng', 'Quân đội', 'Hiện đại', '2024-08-05 14:22:33', '10'),
('95', 'Đồng hồ nam Seiko Prospex', 'ĐỒNG HỒ NAM SEIKO PROSPEX SAVE THE OCEAN SPB301J1', 39500000, 35550000, '95.webp', 'Có thiết kế thanh lịch với mặt số màu bạc và vỏ thép không gỉ. Kim và chỉ số mạ vàng tạo điểm nhấn sang trọng. Dây đeo bằng da màu đen và mặt kính Hardlex chống trầy xước hoàn thiện phong cách cổ điển và tinh tế.', 'Nam', 100, 'SPB301J1', 'Automatic (Máy cơ tự động)', '42.7mm', 'Nhật Bản', 'Thép không gỉ 316L', '200m', 'Thép không gỉ 316L/ Ceramic', 'Sapphire', 'Trắng', 'Thể thao', 'Hiện đại', '2024-08-05 14:25:01', '10'),
('96', 'Đồng hồ nam Seiko Prospex', 'ĐỒNG HỒ NAM SEIKO PROSPEX SPB147J1', 29250000, 26325000, '96.webp', 'Có thiết kế thanh lịch với mặt số màu bạc và vỏ thép không gỉ. Kim và chỉ số mạ vàng tạo điểm nhấn sang trọng. Dây đeo bằng da màu đen và mặt kính Hardlex chống trầy xước hoàn thiện phong cách cổ điển và tinh tế.', 'Nam', 100, 'SPB147J1', 'Automatic (Máy cơ tự động)', '40.5mm', 'Nhật Bản', 'Dây cao su', '200m', 'Thép không gỉ 316L/ Ceramic', 'Sapphire', 'Nâu', 'Thể thao', 'Hiện đại', '2024-08-05 14:26:52', '10'),
('97', 'Đồng hồ nam Seiko 5 Sports', 'ĐỒNG HỒ NAM SEIKO 5 SPORTS 55TH ANNIVERSARY SRPK13K1', 9750000, 8775000, '97.webp', 'Có thiết kế thanh lịch với mặt số màu bạc và vỏ thép không gỉ. Kim và chỉ số mạ vàng tạo điểm nhấn sang trọng. Dây đeo bằng da màu đen và mặt kính Hardlex chống trầy xước hoàn thiện phong cách cổ điển và tinh tế.', 'Nam', 100, 'SRPK13K1', 'Automatic (Máy cơ tự động)', '42.5mm', 'Nhật Bản', 'Thép không gỉ 316L', '200m', 'Thép không gỉ 316L', 'Hardlex Crystal', 'Đen', 'Thể thao', 'Mặt tròn', '2024-08-05 14:29:30', '10'),
('98', 'Đồng hồ nam Seiko 5 Sports', 'ĐỒNG HỒ NAM SEIKO 5 SPORTS 55TH ANNIVERSARY SRPK13K1', 6450000, 5805000, '98.webp', 'Đồng hồ nam Seiko 5 Sports có thiết kế thể thao với mặt số đa dạng màu sắc và vỏ thép không gỉ. Các chỉ số và kim phát quang giúp dễ đọc trong điều kiện ánh sáng yếu. Dây đeo bằng cao su hoặc dây kim loại, tùy vào mẫu, cùng với mặt kính Hardlex chống trầy xước mang đến phong cách bền bỉ và năng động', 'Nam', 100, 'SRPA87K1', 'Automatic (Máy cơ tự động)', '44mm', 'Nhật Bản', 'Dây dù', '200m', 'Thép không gỉ 316L', 'Hardlex Crystal', 'Nâu', 'Thể thao', 'Mặt tròn', '2024-08-05 14:31:59', '10'),
('99', 'Đồng hồ nữ Seiko Quartz', 'ĐỒNG HỒ NỮ SEIKO SUR353P1', 6030000, 5427000, '99.webp', 'Đồng hồ nữ Seiko SUR353P1 có thiết kế thanh lịch với mặt số màu bạc và vỏ thép không gỉ. Kim và chỉ số mạ vàng tạo điểm nhấn sang trọng. Dây đeo bằng da màu nâu và mặt kính Hardlex chống trầy xước hoàn thiện phong cách cổ điển và tinh tế.', 'Nữ', 100, 'SUR353P1', 'Quartz (Máy pin - điện tử)', '29.8mm', 'Nhật Bản', 'Thép không gỉ 316L', '100m', 'Thép không gỉ 316L', 'Sapphire', 'Xanh lam', 'Hiện đại', 'Mặt tròn', '2024-08-05 14:34:15', '10');

-- --------------------------------------------------------

--
-- Cấu trúc bảng cho bảng `yeu_thich`
--

CREATE TABLE `yeu_thich` (
  `_id` varchar(255) NOT NULL,
  `id_nguoi_dung` varchar(255) DEFAULT NULL,
  `id_san_pham` varchar(255) DEFAULT NULL
) ENGINE=InnoDB DEFAULT CHARSET=utf8 COLLATE=utf8_unicode_ci;

--
-- Chỉ mục cho các bảng đã đổ
--

--
-- Chỉ mục cho bảng `binh_luan`
--
ALTER TABLE `binh_luan`
  ADD PRIMARY KEY (`_id`),
  ADD KEY `id_nguoi_dung` (`id_nguoi_dung`),
  ADD KEY `id_san_pham` (`id_san_pham`);

--
-- Chỉ mục cho bảng `chi_tiet_don_hang`
--
ALTER TABLE `chi_tiet_don_hang`
  ADD PRIMARY KEY (`_id`),
  ADD KEY `id_don_hang` (`id_don_hang`),
  ADD KEY `id_san_pham` (`id_san_pham`);

--
-- Chỉ mục cho bảng `danh_muc`
--
ALTER TABLE `danh_muc`
  ADD PRIMARY KEY (`_id`);

--
-- Chỉ mục cho bảng `don_hang`
--
ALTER TABLE `don_hang`
  ADD PRIMARY KEY (`_id`),
  ADD KEY `id_nguoi_dung` (`id_nguoi_dung`),
  ADD KEY `id_phuong_thuc_thanh_toan` (`id_phuong_thuc_thanh_toan`),
  ADD KEY `id_ghi_chu` (`id_ghi_chu`);

--
-- Chỉ mục cho bảng `ghi_chu`
--
ALTER TABLE `ghi_chu`
  ADD PRIMARY KEY (`_id`);

--
-- Chỉ mục cho bảng `nguoi_dung`
--
ALTER TABLE `nguoi_dung`
  ADD PRIMARY KEY (`_id`),
  ADD KEY `id_quyen` (`id_quyen`);

--
-- Chỉ mục cho bảng `phuong_thuc_thanh_toan`
--
ALTER TABLE `phuong_thuc_thanh_toan`
  ADD PRIMARY KEY (`_id`);

--
-- Chỉ mục cho bảng `quyen`
--
ALTER TABLE `quyen`
  ADD PRIMARY KEY (`_id`);

--
-- Chỉ mục cho bảng `sale`
--
ALTER TABLE `sale`
  ADD PRIMARY KEY (`_id`),
  ADD KEY `id_san_pham` (`id_san_pham`);

--
-- Chỉ mục cho bảng `san_pham`
--
ALTER TABLE `san_pham`
  ADD PRIMARY KEY (`_id`),
  ADD KEY `id_danh_muc` (`id_danh_muc`);

--
-- Chỉ mục cho bảng `yeu_thich`
--
ALTER TABLE `yeu_thich`
  ADD PRIMARY KEY (`_id`),
  ADD KEY `id_nguoi_dung` (`id_nguoi_dung`),
  ADD KEY `id_san_pham` (`id_san_pham`);

--
-- Các ràng buộc cho các bảng đã đổ
--

--
-- Các ràng buộc cho bảng `binh_luan`
--
ALTER TABLE `binh_luan`
  ADD CONSTRAINT `binh_luan_ibfk_1` FOREIGN KEY (`id_nguoi_dung`) REFERENCES `nguoi_dung` (`_id`),
  ADD CONSTRAINT `binh_luan_ibfk_2` FOREIGN KEY (`id_san_pham`) REFERENCES `san_pham` (`_id`);

--
-- Các ràng buộc cho bảng `chi_tiet_don_hang`
--
ALTER TABLE `chi_tiet_don_hang`
  ADD CONSTRAINT `chi_tiet_don_hang_ibfk_1` FOREIGN KEY (`id_don_hang`) REFERENCES `don_hang` (`_id`),
  ADD CONSTRAINT `chi_tiet_don_hang_ibfk_2` FOREIGN KEY (`id_san_pham`) REFERENCES `san_pham` (`_id`);

--
-- Các ràng buộc cho bảng `don_hang`
--
ALTER TABLE `don_hang`
  ADD CONSTRAINT `don_hang_ibfk_1` FOREIGN KEY (`id_nguoi_dung`) REFERENCES `nguoi_dung` (`_id`),
  ADD CONSTRAINT `don_hang_ibfk_2` FOREIGN KEY (`id_phuong_thuc_thanh_toan`) REFERENCES `phuong_thuc_thanh_toan` (`_id`),
  ADD CONSTRAINT `don_hang_ibfk_3` FOREIGN KEY (`id_ghi_chu`) REFERENCES `ghi_chu` (`_id`);

--
-- Các ràng buộc cho bảng `nguoi_dung`
--
ALTER TABLE `nguoi_dung`
  ADD CONSTRAINT `nguoi_dung_ibfk_1` FOREIGN KEY (`id_quyen`) REFERENCES `quyen` (`_id`);

--
-- Các ràng buộc cho bảng `sale`
--
ALTER TABLE `sale`
  ADD CONSTRAINT `sale_ibfk_1` FOREIGN KEY (`id_san_pham`) REFERENCES `san_pham` (`_id`);

--
-- Các ràng buộc cho bảng `san_pham`
--
ALTER TABLE `san_pham`
  ADD CONSTRAINT `san_pham_ibfk_1` FOREIGN KEY (`id_danh_muc`) REFERENCES `danh_muc` (`_id`);

--
-- Các ràng buộc cho bảng `yeu_thich`
--
ALTER TABLE `yeu_thich`
  ADD CONSTRAINT `yeu_thich_ibfk_1` FOREIGN KEY (`id_nguoi_dung`) REFERENCES `nguoi_dung` (`_id`),
  ADD CONSTRAINT `yeu_thich_ibfk_2` FOREIGN KEY (`id_san_pham`) REFERENCES `san_pham` (`_id`);
COMMIT;

/*!40101 SET CHARACTER_SET_CLIENT=@OLD_CHARACTER_SET_CLIENT */;
/*!40101 SET CHARACTER_SET_RESULTS=@OLD_CHARACTER_SET_RESULTS */;
/*!40101 SET COLLATION_CONNECTION=@OLD_COLLATION_CONNECTION */;
